timecard_id,work_date,kitchen,employee_id,paid_duration,approval_status
TC000001,2026-06-01,Ballard,E1001,7.45,APPROVED
TC000002,2026-06-01,Ballard,E1002,8.45,APPROVED
TC000003,2026-06-01,Ballard,E1003,9.00,APPROVED
TC000004,2026-06-01,Ballard,E1004,7.30,APPROVED
TC000005,2026-06-01,Ballard,E1005,8.45,APPROVED
TC000006,2026-06-01,Ballard,E1006,8.45,APPROVED
TC000007,2026-06-01,Ballard,E1007,7.15,APPROVED
TC000008,2026-06-01,Ballard,E1008,8.45,APPROVED
TC000009,2026-06-01,Ballard,E1009,7.45,APPROVED
TC000010,2026-06-01,Ballard,E1010,8.45,APPROVED
TC000011,2026-06-01,Ballard,E1011,7.30,APPROVED
TC000012,2026-06-01,Ballard,E1012,7.00,APPROVED
TC000013,2026-06-01,Fremont,E2001,8.30,APPROVED
TC000014,2026-06-01,Fremont,E2002,7.45,APPROVED
TC000015,2026-06-01,Fremont,E2003,8.45,APPROVED
TC000016,2026-06-01,Fremont,E2004,9.00,APPROVED
TC000017,2026-06-01,Fremont,E2005,6.30,APPROVED
TC000018,2026-06-01,Fremont,E2006,6.30,APPROVED
TC000019,2026-06-01,Fremont,E2007,8.45,APPROVED
TC000020,2026-06-01,Fremont,E2008,6.45,APPROVED
TC000021,2026-06-01,Fremont,E2009,9.00,APPROVED
TC000022,2026-06-01,Fremont,E2010,8.30,APPROVED
TC000023,2026-06-01,Fremont,E2011,8.45,APPROVED
TC000024,2026-06-01,Fremont,E2012,8.30,APPROVED
TC000025,2026-06-01,Greenwood,E3001,7.45,APPROVED
TC000026,2026-06-01,Greenwood,E3002,8.45,APPROVED
TC000027,2026-06-01,Greenwood,E3003,7.45,APPROVED
TC000028,2026-06-01,Greenwood,E3004,8.45,APPROVED
TC000029,2026-06-01,Greenwood,E3005,7.45,APPROVED
TC000030,2026-06-01,Greenwood,E3006,9.00,APPROVED
TC000031,2026-06-01,Greenwood,E3007,8.00,APPROVED
TC000032,2026-06-01,Greenwood,E3008,9.00,APPROVED
TC000033,2026-06-01,Greenwood,E3009,8.45,APPROVED
TC000034,2026-06-01,Greenwood,E3010,8.45,APPROVED
TC000035,2026-06-01,Greenwood,E3011,9.00,APPROVED
TC000036,2026-06-01,Greenwood,E3012,9.00,APPROVED
TC000037,2026-06-01,Magnolia,E4001,8.30,APPROVED
TC000038,2026-06-01,Magnolia,E4002,6.45,APPROVED
TC000039,2026-06-01,Magnolia,E4003,7.15,APPROVED
TC000040,2026-06-01,Magnolia,E4004,7.00,APPROVED
TC000041,2026-06-01,Magnolia,E4005,7.15,APPROVED
TC000042,2026-06-01,Magnolia,E4006,7.30,APPROVED
TC000043,2026-06-01,Magnolia,E4007,8.45,APPROVED
TC000044,2026-06-01,Magnolia,E4008,6.45,APPROVED
TC000045,2026-06-01,Magnolia,E4009,9.00,APPROVED
TC000046,2026-06-01,Magnolia,E4010,8.45,APPROVED
TC000047,2026-06-01,Magnolia,E4011,8.45,APPROVED
TC000048,2026-06-01,Magnolia,E4012,8.15,APPROVED
TC000049,2026-06-01,QueenAnne,E5001,7.30,APPROVED
TC000050,2026-06-01,QueenAnne,E5002,8.30,APPROVED
TC000051,2026-06-01,QueenAnne,E5003,6.30,APPROVED
TC000052,2026-06-01,QueenAnne,E5004,8.15,APPROVED
TC000053,2026-06-01,QueenAnne,E5005,9.00,APPROVED
TC000054,2026-06-01,QueenAnne,E5006,8.45,APPROVED
TC000055,2026-06-01,QueenAnne,E5007,9.00,APPROVED
TC000056,2026-06-01,QueenAnne,E5008,6.00,APPROVED
TC000057,2026-06-01,QueenAnne,E5009,6.30,APPROVED
TC000058,2026-06-01,QueenAnne,E5010,6.45,APPROVED
TC000059,2026-06-01,QueenAnne,E5011,7.30,APPROVED
TC000060,2026-06-01,QueenAnne,E5012,6.15,APPROVED
TC000061,2026-06-02,Ballard,E1001,9.00,APPROVED
TC000062,2026-06-02,Ballard,E1002,8.30,APPROVED
TC000063,2026-06-02,Ballard,E1003,9.00,APPROVED
TC000064,2026-06-02,Ballard,E1004,7.45,APPROVED
TC000065,2026-06-02,Ballard,E1005,9.00,APPROVED
TC000066,2026-06-02,Ballard,E1006,8.30,APPROVED
TC000067,2026-06-02,Ballard,E1007,8.00,APPROVED
TC000068,2026-06-02,Ballard,E1008,8.00,APPROVED
TC000069,2026-06-02,Ballard,E1009,8.45,APPROVED
TC000070,2026-06-02,Ballard,E1010,6.15,APPROVED
TC000071,2026-06-02,Ballard,E1011,7.15,APPROVED
TC000072,2026-06-02,Ballard,E1012,6.45,APPROVED
TC000073,2026-06-02,Fremont,E2001,7.45,APPROVED
TC000074,2026-06-02,Fremont,E2002,6.45,APPROVED
TC000075,2026-06-02,Fremont,E2003,6.30,APPROVED
TC000076,2026-06-02,Fremont,E2004,8.45,APPROVED
TC000077,2026-06-02,Fremont,E2005,7.45,APPROVED
TC000078,2026-06-02,Fremont,E2006,8.30,APPROVED
TC000079,2026-06-02,Fremont,E2007,6.45,APPROVED
TC000080,2026-06-02,Fremont,E2008,8.30,APPROVED
TC000081,2026-06-02,Fremont,E2009,6.45,APPROVED
TC000082,2026-06-02,Fremont,E2010,8.15,APPROVED
TC000083,2026-06-02,Fremont,E2011,7.15,APPROVED
TC000084,2026-06-02,Fremont,E2012,7.45,APPROVED
TC000085,2026-06-02,Greenwood,E3001,7.15,APPROVED
TC000086,2026-06-02,Greenwood,E3002,8.30,APPROVED
TC000087,2026-06-02,Greenwood,E3003,6.30,APPROVED
TC000088,2026-06-02,Greenwood,E3004,8.45,APPROVED
TC000089,2026-06-02,Greenwood,E3005,7.30,APPROVED
TC000090,2026-06-02,Greenwood,E3006,8.00,APPROVED
TC000091,2026-06-02,Greenwood,E3007,9.00,APPROVED
TC000092,2026-06-02,Greenwood,E3008,7.30,APPROVED
TC000093,2026-06-02,Greenwood,E3009,8.15,APPROVED
TC000094,2026-06-02,Greenwood,E3010,8.00,APPROVED
TC000095,2026-06-02,Greenwood,E3011,8.45,APPROVED
TC000096,2026-06-02,Greenwood,E3012,6.15,APPROVED
TC000097,2026-06-02,Magnolia,E4001,7.15,APPROVED
TC000098,2026-06-02,Magnolia,E4002,8.15,APPROVED
TC000099,2026-06-02,Magnolia,E4003,8.30,APPROVED
TC000100,2026-06-02,Magnolia,E4004,8.45,APPROVED
TC000101,2026-06-02,Magnolia,E4005,8.45,APPROVED
TC000102,2026-06-02,Magnolia,E4006,7.45,APPROVED
TC000103,2026-06-02,Magnolia,E4007,9.00,APPROVED
TC000104,2026-06-02,Magnolia,E4008,8.45,APPROVED
TC000105,2026-06-02,Magnolia,E4009,7.30,APPROVED
TC000106,2026-06-02,Magnolia,E4010,9.00,APPROVED
TC000107,2026-06-02,Magnolia,E4011,7.15,APPROVED
TC000108,2026-06-02,Magnolia,E4012,8.30,APPROVED
TC000109,2026-06-02,QueenAnne,E5001,7.30,APPROVED
TC000110,2026-06-02,QueenAnne,E5002,6.00,APPROVED
TC000111,2026-06-02,QueenAnne,E5003,8.15,APPROVED
TC000112,2026-06-02,QueenAnne,E5004,6.15,APPROVED
TC000113,2026-06-02,QueenAnne,E5005,8.30,APPROVED
TC000114,2026-06-02,QueenAnne,E5006,8.00,APPROVED
TC000115,2026-06-02,QueenAnne,E5007,7.30,APPROVED
TC000116,2026-06-02,QueenAnne,E5008,8.30,APPROVED
TC000117,2026-06-02,QueenAnne,E5009,9.00,APPROVED
TC000118,2026-06-02,QueenAnne,E5010,8.45,APPROVED
TC000119,2026-06-02,QueenAnne,E5011,7.45,APPROVED
TC000120,2026-06-02,QueenAnne,E5012,8.00,APPROVED
TC000121,2026-06-03,Ballard,E1001,7.45,APPROVED
TC000122,2026-06-03,Ballard,E1002,9.00,APPROVED
TC000123,2026-06-03,Ballard,E1003,8.00,APPROVED
TC000124,2026-06-03,Ballard,E1004,9.00,APPROVED
TC000125,2026-06-03,Ballard,E1005,8.30,APPROVED
TC000126,2026-06-03,Ballard,E1006,6.45,APPROVED
TC000127,2026-06-03,Ballard,E1007,6.45,APPROVED
TC000128,2026-06-03,Ballard,E1008,7.30,APPROVED
TC000129,2026-06-03,Ballard,E1009,7.15,APPROVED
TC000130,2026-06-03,Ballard,E1010,6.15,APPROVED
TC000131,2026-06-03,Ballard,E1011,7.45,APPROVED
TC000132,2026-06-03,Ballard,E1012,9.00,APPROVED
TC000133,2026-06-03,Fremont,E2001,6.30,APPROVED
TC000134,2026-06-03,Fremont,E2002,8.30,APPROVED
TC000135,2026-06-03,Fremont,E2003,7.45,APPROVED
TC000136,2026-06-03,Fremont,E2004,6.15,APPROVED
TC000137,2026-06-03,Fremont,E2005,7.00,APPROVED
TC000138,2026-06-03,Fremont,E2006,8.45,APPROVED
TC000139,2026-06-03,Fremont,E2007,7.45,APPROVED
TC000140,2026-06-03,Fremont,E2008,8.00,APPROVED
TC000141,2026-06-03,Fremont,E2009,8.00,APPROVED
TC000142,2026-06-03,Fremont,E2010,7.30,APPROVED
TC000143,2026-06-03,Fremont,E2011,9.00,APPROVED
TC000144,2026-06-03,Fremont,E2012,8.45,APPROVED
TC000145,2026-06-03,Greenwood,E3001,8.45,APPROVED
TC000146,2026-06-03,Greenwood,E3002,8.45,APPROVED
TC000147,2026-06-03,Greenwood,E3003,6.30,APPROVED
TC000148,2026-06-03,Greenwood,E3004,8.30,APPROVED
TC000149,2026-06-03,Greenwood,E3005,8.30,APPROVED
TC000150,2026-06-03,Greenwood,E3006,9.00,APPROVED
TC000151,2026-06-03,Greenwood,E3007,9.00,APPROVED
TC000152,2026-06-03,Greenwood,E3008,8.15,APPROVED
TC000153,2026-06-03,Greenwood,E3009,8.45,APPROVED
TC000154,2026-06-03,Greenwood,E3010,8.00,APPROVED
TC000155,2026-06-03,Greenwood,E3011,6.45,APPROVED
TC000156,2026-06-03,Greenwood,E3012,8.00,APPROVED
TC000157,2026-06-03,Magnolia,E4001,7.30,APPROVED
TC000158,2026-06-03,Magnolia,E4002,7.45,APPROVED
TC000159,2026-06-03,Magnolia,E4003,6.30,APPROVED
TC000160,2026-06-03,Magnolia,E4004,7.45,APPROVED
TC000161,2026-06-03,Magnolia,E4005,8.30,APPROVED
TC000162,2026-06-03,Magnolia,E4006,8.30,APPROVED
TC000163,2026-06-03,Magnolia,E4007,8.45,APPROVED
TC000164,2026-06-03,Magnolia,E4008,8.30,APPROVED
TC000165,2026-06-03,Magnolia,E4009,8.45,APPROVED
TC000166,2026-06-03,Magnolia,E4010,7.45,APPROVED
TC000167,2026-06-03,Magnolia,E4011,9.00,APPROVED
TC000168,2026-06-03,Magnolia,E4012,8.30,APPROVED
TC000169,2026-06-03,QueenAnne,E5001,7.45,APPROVED
TC000170,2026-06-03,QueenAnne,E5002,6.15,APPROVED
TC000171,2026-06-03,QueenAnne,E5003,8.45,APPROVED
TC000172,2026-06-03,QueenAnne,E5004,9.00,APPROVED
TC000173,2026-06-03,QueenAnne,E5005,8.30,APPROVED
TC000174,2026-06-03,QueenAnne,E5006,9.00,APPROVED
TC000175,2026-06-03,QueenAnne,E5007,6.45,APPROVED
TC000176,2026-06-03,QueenAnne,E5008,8.45,APPROVED
TC000177,2026-06-03,QueenAnne,E5009,7.30,APPROVED
TC000178,2026-06-03,QueenAnne,E5010,8.30,APPROVED
TC000179,2026-06-03,QueenAnne,E5011,8.00,APPROVED
TC000180,2026-06-03,QueenAnne,E5012,9.00,APPROVED
TC000181,2026-06-04,Ballard,E1001,7.45,APPROVED
TC000182,2026-06-04,Ballard,E1002,9.00,APPROVED
TC000183,2026-06-04,Ballard,E1003,6.15,APPROVED
TC000184,2026-06-04,Ballard,E1004,7.15,APPROVED
TC000185,2026-06-04,Ballard,E1005,9.00,APPROVED
TC000186,2026-06-04,Ballard,E1006,8.15,APPROVED
TC000187,2026-06-04,Ballard,E1007,8.30,APPROVED
TC000188,2026-06-04,Ballard,E1008,9.00,APPROVED
TC000189,2026-06-04,Ballard,E1009,9.00,APPROVED
TC000190,2026-06-04,Ballard,E1010,6.45,APPROVED
TC000191,2026-06-04,Ballard,E1011,7.45,APPROVED
TC000192,2026-06-04,Ballard,E1012,8.00,APPROVED
TC000193,2026-06-04,Fremont,E2001,8.45,APPROVED
TC000194,2026-06-04,Fremont,E2002,7.00,APPROVED
TC000195,2026-06-04,Fremont,E2003,9.00,APPROVED
TC000196,2026-06-04,Fremont,E2004,6.00,APPROVED
TC000197,2026-06-04,Fremont,E2005,8.00,APPROVED
TC000198,2026-06-04,Fremont,E2006,8.45,APPROVED
TC000199,2026-06-04,Fremont,E2007,7.30,APPROVED
TC000200,2026-06-04,Fremont,E2008,8.00,APPROVED
TC000201,2026-06-04,Fremont,E2009,8.00,APPROVED
TC000202,2026-06-04,Fremont,E2010,8.45,APPROVED
TC000203,2026-06-04,Fremont,E2011,6.45,APPROVED
TC000204,2026-06-04,Fremont,E2012,7.15,APPROVED
TC000205,2026-06-04,Greenwood,E3001,8.45,APPROVED
TC000206,2026-06-04,Greenwood,E3002,6.45,APPROVED
TC000207,2026-06-04,Greenwood,E3003,8.15,APPROVED
TC000208,2026-06-04,Greenwood,E3004,8.45,APPROVED
TC000209,2026-06-04,Greenwood,E3005,7.45,APPROVED
TC000210,2026-06-04,Greenwood,E3006,7.15,APPROVED
TC000211,2026-06-04,Greenwood,E3007,7.45,APPROVED
TC000212,2026-06-04,Greenwood,E3008,8.30,APPROVED
TC000213,2026-06-04,Greenwood,E3009,6.00,APPROVED
TC000214,2026-06-04,Greenwood,E3010,9.00,APPROVED
TC000215,2026-06-04,Greenwood,E3011,8.45,APPROVED
TC000216,2026-06-04,Greenwood,E3012,7.30,APPROVED
TC000217,2026-06-04,Magnolia,E4001,9.00,APPROVED
TC000218,2026-06-04,Magnolia,E4002,8.45,APPROVED
TC000219,2026-06-04,Magnolia,E4003,9.00,APPROVED
TC000220,2026-06-04,Magnolia,E4004,8.45,APPROVED
TC000221,2026-06-04,Magnolia,E4005,7.45,APPROVED
TC000222,2026-06-04,Magnolia,E4006,8.30,APPROVED
TC000223,2026-06-04,Magnolia,E4007,6.00,APPROVED
TC000224,2026-06-04,Magnolia,E4008,8.30,APPROVED
TC000225,2026-06-04,Magnolia,E4009,7.45,APPROVED
TC000226,2026-06-04,Magnolia,E4010,6.45,APPROVED
TC000227,2026-06-04,Magnolia,E4011,8.30,APPROVED
TC000228,2026-06-04,Magnolia,E4012,7.30,APPROVED
TC000229,2026-06-04,QueenAnne,E5001,6.00,APPROVED
TC000230,2026-06-04,QueenAnne,E5002,8.45,APPROVED
TC000231,2026-06-04,QueenAnne,E5003,7.30,APPROVED
TC000232,2026-06-04,QueenAnne,E5004,8.30,APPROVED
TC000233,2026-06-04,QueenAnne,E5005,7.45,APPROVED
TC000234,2026-06-04,QueenAnne,E5006,7.30,APPROVED
TC000235,2026-06-04,QueenAnne,E5007,7.30,APPROVED
TC000236,2026-06-04,QueenAnne,E5008,8.45,APPROVED
TC000237,2026-06-04,QueenAnne,E5009,7.45,APPROVED
TC000238,2026-06-04,QueenAnne,E5010,9.00,APPROVED
TC000239,2026-06-04,QueenAnne,E5011,8.45,APPROVED
TC000240,2026-06-04,QueenAnne,E5012,8.30,APPROVED
TC000241,2026-06-05,Ballard,E1001,9.00,APPROVED
TC000242,2026-06-05,Ballard,E1002,7.45,APPROVED
TC000243,2026-06-05,Ballard,E1003,8.45,APPROVED
TC000244,2026-06-05,Ballard,E1004,7.30,APPROVED
TC000245,2026-06-05,Ballard,E1005,8.45,APPROVED
TC000246,2026-06-05,Ballard,E1006,8.45,APPROVED
TC000247,2026-06-05,Ballard,E1007,8.30,APPROVED
TC000248,2026-06-05,Ballard,E1008,8.45,APPROVED
TC000249,2026-06-05,Ballard,E1009,8.30,APPROVED
TC000250,2026-06-05,Ballard,E1010,8.45,APPROVED
TC000251,2026-06-05,Ballard,E1011,8.30,APPROVED
TC000252,2026-06-05,Ballard,E1012,8.30,APPROVED
TC000253,2026-06-05,Fremont,E2001,9.00,APPROVED
TC000254,2026-06-05,Fremont,E2002,8.15,APPROVED
TC000255,2026-06-05,Fremont,E2003,6.30,APPROVED
TC000256,2026-06-05,Fremont,E2004,7.45,APPROVED
TC000257,2026-06-05,Fremont,E2005,8.30,APPROVED
TC000258,2026-06-05,Fremont,E2006,9.00,APPROVED
TC000259,2026-06-05,Fremont,E2007,9.00,APPROVED
TC000260,2026-06-05,Fremont,E2008,6.30,APPROVED
TC000261,2026-06-05,Fremont,E2009,6.45,APPROVED
TC000262,2026-06-05,Fremont,E2010,9.00,APPROVED
TC000263,2026-06-05,Fremont,E2011,7.00,APPROVED
TC000264,2026-06-05,Fremont,E2012,7.30,APPROVED
TC000265,2026-06-05,Greenwood,E3001,7.00,APPROVED
TC000266,2026-06-05,Greenwood,E3002,6.45,APPROVED
TC000267,2026-06-05,Greenwood,E3003,7.45,APPROVED
TC000268,2026-06-05,Greenwood,E3004,8.00,APPROVED
TC000269,2026-06-05,Greenwood,E3005,8.30,APPROVED
TC000270,2026-06-05,Greenwood,E3006,6.45,APPROVED
TC000271,2026-06-05,Greenwood,E3007,8.45,APPROVED
TC000272,2026-06-05,Greenwood,E3008,7.00,APPROVED
TC000273,2026-06-05,Greenwood,E3009,7.45,APPROVED
TC000274,2026-06-05,Greenwood,E3010,7.45,APPROVED
TC000275,2026-06-05,Greenwood,E3011,8.30,APPROVED
TC000276,2026-06-05,Greenwood,E3012,8.00,APPROVED
TC000277,2026-06-05,Magnolia,E4001,7.15,APPROVED
TC000278,2026-06-05,Magnolia,E4002,7.45,APPROVED
TC000279,2026-06-05,Magnolia,E4003,7.15,APPROVED
TC000280,2026-06-05,Magnolia,E4004,6.15,APPROVED
TC000281,2026-06-05,Magnolia,E4005,8.45,APPROVED
TC000282,2026-06-05,Magnolia,E4006,7.30,APPROVED
TC000283,2026-06-05,Magnolia,E4007,7.45,APPROVED
TC000284,2026-06-05,Magnolia,E4008,7.30,APPROVED
TC000285,2026-06-05,Magnolia,E4009,7.45,APPROVED
TC000286,2026-06-05,Magnolia,E4010,8.00,APPROVED
TC000287,2026-06-05,Magnolia,E4011,8.00,APPROVED
TC000288,2026-06-05,Magnolia,E4012,6.45,APPROVED
TC000289,2026-06-05,QueenAnne,E5001,9.00,APPROVED
TC000290,2026-06-05,QueenAnne,E5002,6.30,APPROVED
TC000291,2026-06-05,QueenAnne,E5003,9.00,APPROVED
TC000292,2026-06-05,QueenAnne,E5004,6.45,APPROVED
TC000293,2026-06-05,QueenAnne,E5005,8.45,APPROVED
TC000294,2026-06-05,QueenAnne,E5006,8.30,APPROVED
TC000295,2026-06-05,QueenAnne,E5007,7.00,APPROVED
TC000296,2026-06-05,QueenAnne,E5008,8.45,APPROVED
TC000297,2026-06-05,QueenAnne,E5009,7.00,APPROVED
TC000298,2026-06-05,QueenAnne,E5010,7.30,APPROVED
TC000299,2026-06-05,QueenAnne,E5011,7.45,APPROVED
TC000300,2026-06-05,QueenAnne,E5012,8.30,APPROVED
TC000301,2026-06-06,Ballard,E1001,7.45,APPROVED
TC000302,2026-06-06,Ballard,E1002,7.15,APPROVED
TC000303,2026-06-06,Ballard,E1003,7.00,APPROVED
TC000304,2026-06-06,Ballard,E1004,8.45,APPROVED
TC000305,2026-06-06,Ballard,E1005,6.30,APPROVED
TC000306,2026-06-06,Ballard,E1006,8.00,APPROVED
TC000307,2026-06-06,Ballard,E1007,6.30,APPROVED
TC000308,2026-06-06,Ballard,E1008,9.00,APPROVED
TC000309,2026-06-06,Ballard,E1009,7.00,APPROVED
TC000310,2026-06-06,Ballard,E1010,7.45,APPROVED
TC000311,2026-06-06,Ballard,E1011,7.45,APPROVED
TC000312,2026-06-06,Ballard,E1012,7.30,APPROVED
TC000313,2026-06-06,Fremont,E2001,8.45,APPROVED
TC000314,2026-06-06,Fremont,E2002,8.45,APPROVED
TC000315,2026-06-06,Fremont,E2003,8.00,APPROVED
TC000316,2026-06-06,Fremont,E2004,7.30,APPROVED
TC000317,2026-06-06,Fremont,E2005,7.00,APPROVED
TC000318,2026-06-06,Fremont,E2006,8.30,APPROVED
TC000319,2026-06-06,Fremont,E2007,8.30,APPROVED
TC000320,2026-06-06,Fremont,E2008,7.15,APPROVED
TC000321,2026-06-06,Fremont,E2009,8.30,APPROVED
TC000322,2026-06-06,Fremont,E2010,8.45,APPROVED
TC000323,2026-06-06,Fremont,E2011,6.45,APPROVED
TC000324,2026-06-06,Fremont,E2012,8.00,APPROVED
TC000325,2026-06-06,Greenwood,E3001,7.45,APPROVED
TC000326,2026-06-06,Greenwood,E3002,6.45,APPROVED
TC000327,2026-06-06,Greenwood,E3003,6.45,APPROVED
TC000328,2026-06-06,Greenwood,E3004,9.00,APPROVED
TC000329,2026-06-06,Greenwood,E3005,7.45,APPROVED
TC000330,2026-06-06,Greenwood,E3006,7.45,APPROVED
TC000331,2026-06-06,Greenwood,E3007,8.45,APPROVED
TC000332,2026-06-06,Greenwood,E3008,7.45,APPROVED
TC000333,2026-06-06,Greenwood,E3009,7.00,APPROVED
TC000334,2026-06-06,Greenwood,E3010,6.45,APPROVED
TC000335,2026-06-06,Greenwood,E3011,9.00,APPROVED
TC000336,2026-06-06,Greenwood,E3012,8.30,APPROVED
TC000337,2026-06-06,Magnolia,E4001,7.30,APPROVED
TC000338,2026-06-06,Magnolia,E4002,8.15,APPROVED
TC000339,2026-06-06,Magnolia,E4003,8.30,APPROVED
TC000340,2026-06-06,Magnolia,E4004,8.30,APPROVED
TC000341,2026-06-06,Magnolia,E4005,9.00,APPROVED
TC000342,2026-06-06,Magnolia,E4006,8.00,APPROVED
TC000343,2026-06-06,Magnolia,E4007,9.00,APPROVED
TC000344,2026-06-06,Magnolia,E4008,7.30,APPROVED
TC000345,2026-06-06,Magnolia,E4009,8.30,APPROVED
TC000346,2026-06-06,Magnolia,E4010,9.00,APPROVED
TC000347,2026-06-06,Magnolia,E4011,6.00,APPROVED
TC000348,2026-06-06,Magnolia,E4012,7.15,APPROVED
TC000349,2026-06-06,QueenAnne,E5001,8.30,APPROVED
TC000350,2026-06-06,QueenAnne,E5002,8.30,APPROVED
TC000351,2026-06-06,QueenAnne,E5003,8.45,APPROVED
TC000352,2026-06-06,QueenAnne,E5004,8.45,APPROVED
TC000353,2026-06-06,QueenAnne,E5005,8.15,APPROVED
TC000354,2026-06-06,QueenAnne,E5006,8.30,APPROVED
TC000355,2026-06-06,QueenAnne,E5007,7.45,APPROVED
TC000356,2026-06-06,QueenAnne,E5008,7.15,APPROVED
TC000357,2026-06-06,QueenAnne,E5009,7.00,APPROVED
TC000358,2026-06-06,QueenAnne,E5010,8.45,APPROVED
TC000359,2026-06-06,QueenAnne,E5011,9.00,APPROVED
TC000360,2026-06-06,QueenAnne,E5012,8.45,APPROVED
TC000361,2026-06-07,Ballard,E1001,7.00,APPROVED
TC000362,2026-06-07,Ballard,E1002,7.45,APPROVED
TC000363,2026-06-07,Ballard,E1003,8.00,APPROVED
TC000364,2026-06-07,Ballard,E1004,8.00,APPROVED
TC000365,2026-06-07,Ballard,E1005,7.45,APPROVED
TC000366,2026-06-07,Ballard,E1006,6.45,APPROVED
TC000367,2026-06-07,Ballard,E1007,6.45,APPROVED
TC000368,2026-06-07,Ballard,E1008,7.45,APPROVED
TC000369,2026-06-07,Ballard,E1009,8.45,APPROVED
TC000370,2026-06-07,Ballard,E1010,8.45,APPROVED
TC000371,2026-06-07,Ballard,E1011,8.45,APPROVED
TC000372,2026-06-07,Ballard,E1012,6.45,APPROVED
TC000373,2026-06-07,Fremont,E2001,7.30,APPROVED
TC000374,2026-06-07,Fremont,E2002,6.45,APPROVED
TC000375,2026-06-07,Fremont,E2003,8.30,APPROVED
TC000376,2026-06-07,Fremont,E2004,6.45,APPROVED
TC000377,2026-06-07,Fremont,E2005,7.45,APPROVED
TC000378,2026-06-07,Fremont,E2006,8.45,APPROVED
TC000379,2026-06-07,Fremont,E2007,6.45,APPROVED
TC000380,2026-06-07,Fremont,E2008,9.00,APPROVED
TC000381,2026-06-07,Fremont,E2009,7.15,APPROVED
TC000382,2026-06-07,Fremont,E2010,8.45,APPROVED
TC000383,2026-06-07,Fremont,E2011,8.45,APPROVED
TC000384,2026-06-07,Fremont,E2012,7.45,APPROVED
TC000385,2026-06-07,Greenwood,E3001,8.30,APPROVED
TC000386,2026-06-07,Greenwood,E3002,8.45,APPROVED
TC000387,2026-06-07,Greenwood,E3003,7.45,APPROVED
TC000388,2026-06-07,Greenwood,E3004,8.30,APPROVED
TC000389,2026-06-07,Greenwood,E3005,7.30,APPROVED
TC000390,2026-06-07,Greenwood,E3006,8.45,APPROVED
TC000391,2026-06-07,Greenwood,E3007,8.45,APPROVED
TC000392,2026-06-07,Greenwood,E3008,8.30,APPROVED
TC000393,2026-06-07,Greenwood,E3009,8.00,APPROVED
TC000394,2026-06-07,Greenwood,E3010,7.00,APPROVED
TC000395,2026-06-07,Greenwood,E3011,8.00,APPROVED
TC000396,2026-06-07,Greenwood,E3012,8.45,APPROVED
TC000397,2026-06-07,Magnolia,E4001,7.30,APPROVED
TC000398,2026-06-07,Magnolia,E4002,6.30,APPROVED
TC000399,2026-06-07,Magnolia,E4003,8.45,APPROVED
TC000400,2026-06-07,Magnolia,E4004,8.45,APPROVED
TC000401,2026-06-07,Magnolia,E4005,8.45,APPROVED
TC000402,2026-06-07,Magnolia,E4006,8.45,APPROVED
TC000403,2026-06-07,Magnolia,E4007,7.45,APPROVED
TC000404,2026-06-07,Magnolia,E4008,6.45,APPROVED
TC000405,2026-06-07,Magnolia,E4009,8.45,APPROVED
TC000406,2026-06-07,Magnolia,E4010,7.30,APPROVED
TC000407,2026-06-07,Magnolia,E4011,7.45,APPROVED
TC000408,2026-06-07,Magnolia,E4012,7.45,APPROVED
TC000409,2026-06-07,QueenAnne,E5001,9.00,APPROVED
TC000410,2026-06-07,QueenAnne,E5002,7.30,APPROVED
TC000411,2026-06-07,QueenAnne,E5003,8.45,APPROVED
TC000412,2026-06-07,QueenAnne,E5004,8.45,APPROVED
TC000413,2026-06-07,QueenAnne,E5005,8.30,APPROVED
TC000414,2026-06-07,QueenAnne,E5006,8.15,APPROVED
TC000415,2026-06-07,QueenAnne,E5007,9.00,APPROVED
TC000416,2026-06-07,QueenAnne,E5008,8.45,APPROVED
TC000417,2026-06-07,QueenAnne,E5009,7.45,APPROVED
TC000418,2026-06-07,QueenAnne,E5010,8.45,APPROVED
TC000419,2026-06-07,QueenAnne,E5011,7.45,APPROVED
TC000420,2026-06-07,QueenAnne,E5012,6.00,APPROVED
TC000421,2026-06-08,Ballard,E1001,7.00,APPROVED
TC000422,2026-06-08,Ballard,E1002,6.00,APPROVED
TC000423,2026-06-08,Ballard,E1003,6.45,APPROVED
TC000424,2026-06-08,Ballard,E1004,9.00,APPROVED
TC000425,2026-06-08,Ballard,E1005,7.00,APPROVED
TC000426,2026-06-08,Ballard,E1006,7.45,APPROVED
TC000427,2026-06-08,Ballard,E1007,8.30,APPROVED
TC000428,2026-06-08,Ballard,E1008,8.00,APPROVED
TC000429,2026-06-08,Ballard,E1009,8.30,APPROVED
TC000430,2026-06-08,Ballard,E1010,6.15,APPROVED
TC000431,2026-06-08,Ballard,E1011,9.00,APPROVED
TC000432,2026-06-08,Ballard,E1012,8.30,APPROVED
TC000433,2026-06-08,Fremont,E2001,8.30,APPROVED
TC000434,2026-06-08,Fremont,E2002,8.45,APPROVED
TC000435,2026-06-08,Fremont,E2003,6.30,APPROVED
TC000436,2026-06-08,Fremont,E2004,8.45,APPROVED
TC000437,2026-06-08,Fremont,E2005,8.45,APPROVED
TC000438,2026-06-08,Fremont,E2006,8.00,APPROVED
TC000439,2026-06-08,Fremont,E2007,9.00,APPROVED
TC000440,2026-06-08,Fremont,E2008,8.45,APPROVED
TC000441,2026-06-08,Fremont,E2009,8.30,APPROVED
TC000442,2026-06-08,Fremont,E2010,8.45,APPROVED
TC000443,2026-06-08,Fremont,E2011,6.45,APPROVED
TC000444,2026-06-08,Fremont,E2012,8.30,APPROVED
TC000445,2026-06-08,Greenwood,E3001,6.30,APPROVED
TC000446,2026-06-08,Greenwood,E3002,8.45,APPROVED
TC000447,2026-06-08,Greenwood,E3003,8.45,APPROVED
TC000448,2026-06-08,Greenwood,E3004,7.30,APPROVED
TC000449,2026-06-08,Greenwood,E3005,7.30,APPROVED
TC000450,2026-06-08,Greenwood,E3006,8.45,APPROVED
TC000451,2026-06-08,Greenwood,E3007,7.45,APPROVED
TC000452,2026-06-08,Greenwood,E3008,8.45,APPROVED
TC000453,2026-06-08,Greenwood,E3009,6.45,APPROVED
TC000454,2026-06-08,Greenwood,E3010,7.30,APPROVED
TC000455,2026-06-08,Greenwood,E3011,8.45,APPROVED
TC000456,2026-06-08,Greenwood,E3012,8.30,APPROVED
TC000457,2026-06-08,Magnolia,E4001,8.30,APPROVED
TC000458,2026-06-08,Magnolia,E4002,8.45,APPROVED
TC000459,2026-06-08,Magnolia,E4003,6.15,APPROVED
TC000460,2026-06-08,Magnolia,E4004,7.00,APPROVED
TC000461,2026-06-08,Magnolia,E4005,6.15,APPROVED
TC000462,2026-06-08,Magnolia,E4006,8.45,APPROVED
TC000463,2026-06-08,Magnolia,E4007,6.00,APPROVED
TC000464,2026-06-08,Magnolia,E4008,8.45,APPROVED
TC000465,2026-06-08,Magnolia,E4009,6.15,APPROVED
TC000466,2026-06-08,Magnolia,E4010,7.30,APPROVED
TC000467,2026-06-08,Magnolia,E4011,6.00,APPROVED
TC000468,2026-06-08,Magnolia,E4012,7.45,APPROVED
TC000469,2026-06-08,QueenAnne,E5001,7.15,APPROVED
TC000470,2026-06-08,QueenAnne,E5002,7.45,APPROVED
TC000471,2026-06-08,QueenAnne,E5003,8.30,APPROVED
TC000472,2026-06-08,QueenAnne,E5004,8.45,APPROVED
TC000473,2026-06-08,QueenAnne,E5005,9.00,APPROVED
TC000474,2026-06-08,QueenAnne,E5006,9.00,APPROVED
TC000475,2026-06-08,QueenAnne,E5007,8.45,APPROVED
TC000476,2026-06-08,QueenAnne,E5008,9.00,APPROVED
TC000477,2026-06-08,QueenAnne,E5009,8.30,APPROVED
TC000478,2026-06-08,QueenAnne,E5010,8.45,APPROVED
TC000479,2026-06-08,QueenAnne,E5011,9.00,APPROVED
TC000480,2026-06-08,QueenAnne,E5012,6.45,APPROVED
TC000481,2026-06-09,Ballard,E1001,8.45,APPROVED
TC000482,2026-06-09,Ballard,E1002,8.30,APPROVED
TC000483,2026-06-09,Ballard,E1003,7.30,APPROVED
TC000484,2026-06-09,Ballard,E1004,8.30,APPROVED
TC000485,2026-06-09,Ballard,E1005,8.30,APPROVED
TC000486,2026-06-09,Ballard,E1006,7.30,APPROVED
TC000487,2026-06-09,Ballard,E1007,6.45,APPROVED
TC000488,2026-06-09,Ballard,E1008,7.30,APPROVED
TC000489,2026-06-09,Ballard,E1009,8.45,APPROVED
TC000490,2026-06-09,Ballard,E1010,6.15,APPROVED
TC000491,2026-06-09,Ballard,E1011,7.45,APPROVED
TC000492,2026-06-09,Ballard,E1012,7.45,APPROVED
TC000493,2026-06-09,Fremont,E2001,8.30,APPROVED
TC000494,2026-06-09,Fremont,E2002,8.45,APPROVED
TC000495,2026-06-09,Fremont,E2003,7.15,APPROVED
TC000496,2026-06-09,Fremont,E2004,7.45,APPROVED
TC000497,2026-06-09,Fremont,E2005,6.30,APPROVED
TC000498,2026-06-09,Fremont,E2006,7.15,APPROVED
TC000499,2026-06-09,Fremont,E2007,9.00,APPROVED
TC000500,2026-06-09,Fremont,E2008,9.00,APPROVED
TC000501,2026-06-09,Fremont,E2009,9.00,APPROVED
TC000502,2026-06-09,Fremont,E2010,6.45,APPROVED
TC000503,2026-06-09,Fremont,E2011,8.45,APPROVED
TC000504,2026-06-09,Fremont,E2012,8.45,APPROVED
TC000505,2026-06-09,Greenwood,E3001,8.45,APPROVED
TC000506,2026-06-09,Greenwood,E3002,6.30,APPROVED
TC000507,2026-06-09,Greenwood,E3003,6.45,APPROVED
TC000508,2026-06-09,Greenwood,E3004,7.45,APPROVED
TC000509,2026-06-09,Greenwood,E3005,8.45,APPROVED
TC000510,2026-06-09,Greenwood,E3006,7.45,APPROVED
TC000511,2026-06-09,Greenwood,E3007,8.45,APPROVED
TC000512,2026-06-09,Greenwood,E3008,8.30,APPROVED
TC000513,2026-06-09,Greenwood,E3009,8.45,APPROVED
TC000514,2026-06-09,Greenwood,E3010,8.15,APPROVED
TC000515,2026-06-09,Greenwood,E3011,8.45,APPROVED
TC000516,2026-06-09,Greenwood,E3012,8.30,APPROVED
TC000517,2026-06-09,Magnolia,E4001,6.30,APPROVED
TC000518,2026-06-09,Magnolia,E4002,8.30,APPROVED
TC000519,2026-06-09,Magnolia,E4003,6.45,APPROVED
TC000520,2026-06-09,Magnolia,E4004,8.30,APPROVED
TC000521,2026-06-09,Magnolia,E4005,8.30,APPROVED
TC000522,2026-06-09,Magnolia,E4006,9.00,APPROVED
TC000523,2026-06-09,Magnolia,E4007,7.15,APPROVED
TC000524,2026-06-09,Magnolia,E4008,8.30,APPROVED
TC000525,2026-06-09,Magnolia,E4009,6.15,APPROVED
TC000526,2026-06-09,Magnolia,E4010,7.45,APPROVED
TC000527,2026-06-09,Magnolia,E4011,9.00,APPROVED
TC000528,2026-06-09,Magnolia,E4012,7.45,APPROVED
TC000529,2026-06-09,QueenAnne,E5001,6.30,APPROVED
TC000530,2026-06-09,QueenAnne,E5002,6.45,APPROVED
TC000531,2026-06-09,QueenAnne,E5003,8.30,APPROVED
TC000532,2026-06-09,QueenAnne,E5004,7.45,APPROVED
TC000533,2026-06-09,QueenAnne,E5005,8.30,APPROVED
TC000534,2026-06-09,QueenAnne,E5006,7.30,APPROVED
TC000535,2026-06-09,QueenAnne,E5007,8.00,APPROVED
TC000536,2026-06-09,QueenAnne,E5008,7.30,APPROVED
TC000537,2026-06-09,QueenAnne,E5009,6.15,APPROVED
TC000538,2026-06-09,QueenAnne,E5010,7.45,APPROVED
TC000539,2026-06-09,QueenAnne,E5011,8.30,APPROVED
TC000540,2026-06-09,QueenAnne,E5012,8.45,APPROVED
TC000541,2026-06-10,Ballard,E1001,8.15,APPROVED
TC000542,2026-06-10,Ballard,E1002,7.30,APPROVED
TC000543,2026-06-10,Ballard,E1003,7.00,APPROVED
TC000544,2026-06-10,Ballard,E1004,8.30,APPROVED
TC000545,2026-06-10,Ballard,E1005,6.30,APPROVED
TC000546,2026-06-10,Ballard,E1006,7.30,APPROVED
TC000547,2026-06-10,Ballard,E1007,8.45,APPROVED
TC000548,2026-06-10,Ballard,E1008,6.45,APPROVED
TC000549,2026-06-10,Ballard,E1009,8.30,APPROVED
TC000550,2026-06-10,Ballard,E1010,8.15,APPROVED
TC000551,2026-06-10,Ballard,E1011,8.30,APPROVED
TC000552,2026-06-10,Ballard,E1012,8.00,APPROVED
TC000553,2026-06-10,Fremont,E2001,8.00,APPROVED
TC000554,2026-06-10,Fremont,E2002,8.30,APPROVED
TC000555,2026-06-10,Fremont,E2003,6.45,APPROVED
TC000556,2026-06-10,Fremont,E2004,6.45,APPROVED
TC000557,2026-06-10,Fremont,E2005,6.45,APPROVED
TC000558,2026-06-10,Fremont,E2006,8.00,APPROVED
TC000559,2026-06-10,Fremont,E2007,9.00,APPROVED
TC000560,2026-06-10,Fremont,E2008,8.30,APPROVED
TC000561,2026-06-10,Fremont,E2009,7.45,APPROVED
TC000562,2026-06-10,Fremont,E2010,7.45,APPROVED
TC000563,2026-06-10,Fremont,E2011,7.30,APPROVED
TC000564,2026-06-10,Fremont,E2012,7.00,APPROVED
TC000565,2026-06-10,Greenwood,E3001,7.45,APPROVED
TC000566,2026-06-10,Greenwood,E3002,9.00,APPROVED
TC000567,2026-06-10,Greenwood,E3003,8.00,APPROVED
TC000568,2026-06-10,Greenwood,E3004,6.45,APPROVED
TC000569,2026-06-10,Greenwood,E3005,8.15,APPROVED
TC000570,2026-06-10,Greenwood,E3006,8.30,APPROVED
TC000571,2026-06-10,Greenwood,E3007,6.45,APPROVED
TC000572,2026-06-10,Greenwood,E3008,7.15,APPROVED
TC000573,2026-06-10,Greenwood,E3009,6.00,APPROVED
TC000574,2026-06-10,Greenwood,E3010,8.30,APPROVED
TC000575,2026-06-10,Greenwood,E3011,7.00,APPROVED
TC000576,2026-06-10,Greenwood,E3012,7.30,APPROVED
TC000577,2026-06-10,Magnolia,E4001,8.45,APPROVED
TC000578,2026-06-10,Magnolia,E4002,8.45,APPROVED
TC000579,2026-06-10,Magnolia,E4003,8.45,APPROVED
TC000580,2026-06-10,Magnolia,E4004,7.45,APPROVED
TC000581,2026-06-10,Magnolia,E4005,8.30,APPROVED
TC000582,2026-06-10,Magnolia,E4006,6.15,APPROVED
TC000583,2026-06-10,Magnolia,E4007,6.45,APPROVED
TC000584,2026-06-10,Magnolia,E4008,7.30,APPROVED
TC000585,2026-06-10,Magnolia,E4009,6.30,APPROVED
TC000586,2026-06-10,Magnolia,E4010,8.45,APPROVED
TC000587,2026-06-10,Magnolia,E4011,8.00,APPROVED
TC000588,2026-06-10,Magnolia,E4012,7.45,APPROVED
TC000589,2026-06-10,QueenAnne,E5001,6.30,APPROVED
TC000590,2026-06-10,QueenAnne,E5002,9.00,APPROVED
TC000591,2026-06-10,QueenAnne,E5003,7.30,APPROVED
TC000592,2026-06-10,QueenAnne,E5004,7.30,APPROVED
TC000593,2026-06-10,QueenAnne,E5005,6.30,APPROVED
TC000594,2026-06-10,QueenAnne,E5006,7.15,APPROVED
TC000595,2026-06-10,QueenAnne,E5007,6.45,APPROVED
TC000596,2026-06-10,QueenAnne,E5008,8.30,APPROVED
TC000597,2026-06-10,QueenAnne,E5009,8.30,APPROVED
TC000598,2026-06-10,QueenAnne,E5010,7.45,APPROVED
TC000599,2026-06-10,QueenAnne,E5011,8.30,APPROVED
TC000600,2026-06-10,QueenAnne,E5012,8.45,APPROVED
TC000601,2026-06-11,Ballard,E1001,7.45,APPROVED
TC000602,2026-06-11,Ballard,E1002,8.30,APPROVED
TC000603,2026-06-11,Ballard,E1003,7.45,APPROVED
TC000604,2026-06-11,Ballard,E1004,8.45,APPROVED
TC000605,2026-06-11,Ballard,E1005,6.45,APPROVED
TC000606,2026-06-11,Ballard,E1006,7.15,APPROVED
TC000607,2026-06-11,Ballard,E1007,9.00,APPROVED
TC000608,2026-06-11,Ballard,E1008,7.30,APPROVED
TC000609,2026-06-11,Ballard,E1009,7.15,APPROVED
TC000610,2026-06-11,Ballard,E1010,8.30,APPROVED
TC000611,2026-06-11,Ballard,E1011,8.00,APPROVED
TC000612,2026-06-11,Ballard,E1012,8.45,APPROVED
TC000613,2026-06-11,Fremont,E2001,7.45,APPROVED
TC000614,2026-06-11,Fremont,E2002,9.00,APPROVED
TC000615,2026-06-11,Fremont,E2003,7.45,APPROVED
TC000616,2026-06-11,Fremont,E2004,6.45,APPROVED
TC000617,2026-06-11,Fremont,E2005,8.45,APPROVED
TC000618,2026-06-11,Fremont,E2006,6.30,APPROVED
TC000619,2026-06-11,Fremont,E2007,6.30,APPROVED
TC000620,2026-06-11,Fremont,E2008,7.45,APPROVED
TC000621,2026-06-11,Fremont,E2009,8.45,APPROVED
TC000622,2026-06-11,Fremont,E2010,8.30,APPROVED
TC000623,2026-06-11,Fremont,E2011,8.30,APPROVED
TC000624,2026-06-11,Fremont,E2012,8.30,APPROVED
TC000625,2026-06-11,Greenwood,E3001,8.30,APPROVED
TC000626,2026-06-11,Greenwood,E3002,6.45,APPROVED
TC000627,2026-06-11,Greenwood,E3003,8.45,APPROVED
TC000628,2026-06-11,Greenwood,E3004,8.45,APPROVED
TC000629,2026-06-11,Greenwood,E3005,8.30,APPROVED
TC000630,2026-06-11,Greenwood,E3006,7.45,APPROVED
TC000631,2026-06-11,Greenwood,E3007,8.00,APPROVED
TC000632,2026-06-11,Greenwood,E3008,7.45,APPROVED
TC000633,2026-06-11,Greenwood,E3009,9.00,APPROVED
TC000634,2026-06-11,Greenwood,E3010,7.45,APPROVED
TC000635,2026-06-11,Greenwood,E3011,7.30,APPROVED
TC000636,2026-06-11,Greenwood,E3012,8.30,APPROVED
TC000637,2026-06-11,Magnolia,E4001,8.00,APPROVED
TC000638,2026-06-11,Magnolia,E4002,8.45,APPROVED
TC000639,2026-06-11,Magnolia,E4003,7.00,APPROVED
TC000640,2026-06-11,Magnolia,E4004,6.00,APPROVED
TC000641,2026-06-11,Magnolia,E4005,8.45,APPROVED
TC000642,2026-06-11,Magnolia,E4006,8.45,APPROVED
TC000643,2026-06-11,Magnolia,E4007,8.30,APPROVED
TC000644,2026-06-11,Magnolia,E4008,8.45,APPROVED
TC000645,2026-06-11,Magnolia,E4009,7.45,APPROVED
TC000646,2026-06-11,Magnolia,E4010,7.30,APPROVED
TC000647,2026-06-11,Magnolia,E4011,7.00,APPROVED
TC000648,2026-06-11,Magnolia,E4012,7.45,APPROVED
TC000649,2026-06-11,QueenAnne,E5001,8.15,APPROVED
TC000650,2026-06-11,QueenAnne,E5002,8.30,APPROVED
TC000651,2026-06-11,QueenAnne,E5003,6.45,APPROVED
TC000652,2026-06-11,QueenAnne,E5004,7.45,APPROVED
TC000653,2026-06-11,QueenAnne,E5005,8.45,APPROVED
TC000654,2026-06-11,QueenAnne,E5006,9.00,APPROVED
TC000655,2026-06-11,QueenAnne,E5007,8.45,APPROVED
TC000656,2026-06-11,QueenAnne,E5008,7.00,APPROVED
TC000657,2026-06-11,QueenAnne,E5009,6.45,APPROVED
TC000658,2026-06-11,QueenAnne,E5010,8.30,APPROVED
TC000659,2026-06-11,QueenAnne,E5011,8.45,APPROVED
TC000660,2026-06-11,QueenAnne,E5012,8.45,APPROVED
TC000661,2026-06-12,Ballard,E1001,6.30,APPROVED
TC000662,2026-06-12,Ballard,E1002,8.45,APPROVED
TC000663,2026-06-12,Ballard,E1003,7.45,APPROVED
TC000664,2026-06-12,Ballard,E1004,7.45,APPROVED
TC000665,2026-06-12,Ballard,E1005,8.15,APPROVED
TC000666,2026-06-12,Ballard,E1006,6.30,APPROVED
TC000667,2026-06-12,Ballard,E1007,7.45,APPROVED
TC000668,2026-06-12,Ballard,E1008,7.30,APPROVED
TC000669,2026-06-12,Ballard,E1009,8.15,APPROVED
TC000670,2026-06-12,Ballard,E1010,7.30,APPROVED
TC000671,2026-06-12,Ballard,E1011,7.00,APPROVED
TC000672,2026-06-12,Ballard,E1012,8.30,APPROVED
TC000673,2026-06-12,Fremont,E2001,7.45,APPROVED
TC000674,2026-06-12,Fremont,E2002,6.30,APPROVED
TC000675,2026-06-12,Fremont,E2003,8.00,APPROVED
TC000676,2026-06-12,Fremont,E2004,8.30,APPROVED
TC000677,2026-06-12,Fremont,E2005,8.45,APPROVED
TC000678,2026-06-12,Fremont,E2006,6.45,APPROVED
TC000679,2026-06-12,Fremont,E2007,7.30,APPROVED
TC000680,2026-06-12,Fremont,E2008,8.45,APPROVED
TC000681,2026-06-12,Fremont,E2009,8.45,APPROVED
TC000682,2026-06-12,Fremont,E2010,8.00,APPROVED
TC000683,2026-06-12,Fremont,E2011,6.45,APPROVED
TC000684,2026-06-12,Fremont,E2012,8.45,APPROVED
TC000685,2026-06-12,Greenwood,E3001,8.45,APPROVED
TC000686,2026-06-12,Greenwood,E3002,8.00,APPROVED
TC000687,2026-06-12,Greenwood,E3003,6.45,APPROVED
TC000688,2026-06-12,Greenwood,E3004,7.45,APPROVED
TC000689,2026-06-12,Greenwood,E3005,7.15,APPROVED
TC000690,2026-06-12,Greenwood,E3006,9.00,APPROVED
TC000691,2026-06-12,Greenwood,E3007,7.30,APPROVED
TC000692,2026-06-12,Greenwood,E3008,8.45,APPROVED
TC000693,2026-06-12,Greenwood,E3009,8.30,APPROVED
TC000694,2026-06-12,Greenwood,E3010,8.45,APPROVED
TC000695,2026-06-12,Greenwood,E3011,8.45,APPROVED
TC000696,2026-06-12,Greenwood,E3012,8.30,APPROVED
TC000697,2026-06-12,Magnolia,E4001,8.15,APPROVED
TC000698,2026-06-12,Magnolia,E4002,8.15,APPROVED
TC000699,2026-06-12,Magnolia,E4003,7.30,APPROVED
TC000700,2026-06-12,Magnolia,E4004,8.30,APPROVED
TC000701,2026-06-12,Magnolia,E4005,7.45,APPROVED
TC000702,2026-06-12,Magnolia,E4006,7.45,APPROVED
TC000703,2026-06-12,Magnolia,E4007,8.45,APPROVED
TC000704,2026-06-12,Magnolia,E4008,9.00,APPROVED
TC000705,2026-06-12,Magnolia,E4009,9.00,APPROVED
TC000706,2026-06-12,Magnolia,E4010,8.45,APPROVED
TC000707,2026-06-12,Magnolia,E4011,8.30,APPROVED
TC000708,2026-06-12,Magnolia,E4012,7.45,APPROVED
TC000709,2026-06-12,QueenAnne,E5001,8.00,APPROVED
TC000710,2026-06-12,QueenAnne,E5002,7.15,APPROVED
TC000711,2026-06-12,QueenAnne,E5003,7.30,APPROVED
TC000712,2026-06-12,QueenAnne,E5004,6.15,APPROVED
TC000713,2026-06-12,QueenAnne,E5005,8.30,APPROVED
TC000714,2026-06-12,QueenAnne,E5006,6.15,APPROVED
TC000715,2026-06-12,QueenAnne,E5007,8.30,APPROVED
TC000716,2026-06-12,QueenAnne,E5008,7.30,APPROVED
TC000717,2026-06-12,QueenAnne,E5009,7.15,APPROVED
TC000718,2026-06-12,QueenAnne,E5010,7.45,APPROVED
TC000719,2026-06-12,QueenAnne,E5011,7.15,APPROVED
TC000720,2026-06-12,QueenAnne,E5012,7.30,APPROVED
TC000721,2026-06-13,Ballard,E1001,9.00,APPROVED
TC000722,2026-06-13,Ballard,E1002,7.30,APPROVED
TC000723,2026-06-13,Ballard,E1003,8.15,APPROVED
TC000724,2026-06-13,Ballard,E1004,6.45,APPROVED
TC000725,2026-06-13,Ballard,E1005,7.30,APPROVED
TC000726,2026-06-13,Ballard,E1006,8.30,APPROVED
TC000727,2026-06-13,Ballard,E1007,8.15,APPROVED
TC000728,2026-06-13,Ballard,E1008,8.45,APPROVED
TC000729,2026-06-13,Ballard,E1009,8.45,APPROVED
TC000730,2026-06-13,Ballard,E1010,6.30,APPROVED
TC000731,2026-06-13,Ballard,E1011,8.30,APPROVED
TC000732,2026-06-13,Ballard,E1012,8.15,APPROVED
TC000733,2026-06-13,Fremont,E2001,7.30,APPROVED
TC000734,2026-06-13,Fremont,E2002,8.15,APPROVED
TC000735,2026-06-13,Fremont,E2003,9.00,APPROVED
TC000736,2026-06-13,Fremont,E2004,8.15,APPROVED
TC000737,2026-06-13,Fremont,E2005,6.45,APPROVED
TC000738,2026-06-13,Fremont,E2006,7.45,APPROVED
TC000739,2026-06-13,Fremont,E2007,7.45,APPROVED
TC000740,2026-06-13,Fremont,E2008,7.45,APPROVED
TC000741,2026-06-13,Fremont,E2009,8.30,APPROVED
TC000742,2026-06-13,Fremont,E2010,6.45,APPROVED
TC000743,2026-06-13,Fremont,E2011,8.45,APPROVED
TC000744,2026-06-13,Fremont,E2012,9.00,APPROVED
TC000745,2026-06-13,Greenwood,E3001,7.45,APPROVED
TC000746,2026-06-13,Greenwood,E3002,7.45,APPROVED
TC000747,2026-06-13,Greenwood,E3003,8.45,APPROVED
TC000748,2026-06-13,Greenwood,E3004,8.45,APPROVED
TC000749,2026-06-13,Greenwood,E3005,6.45,APPROVED
TC000750,2026-06-13,Greenwood,E3006,8.45,APPROVED
TC000751,2026-06-13,Greenwood,E3007,8.45,APPROVED
TC000752,2026-06-13,Greenwood,E3008,7.00,APPROVED
TC000753,2026-06-13,Greenwood,E3009,8.00,APPROVED
TC000754,2026-06-13,Greenwood,E3010,6.00,APPROVED
TC000755,2026-06-13,Greenwood,E3011,6.45,APPROVED
TC000756,2026-06-13,Greenwood,E3012,7.00,APPROVED
TC000757,2026-06-13,Magnolia,E4001,6.45,APPROVED
TC000758,2026-06-13,Magnolia,E4002,7.45,APPROVED
TC000759,2026-06-13,Magnolia,E4003,8.30,APPROVED
TC000760,2026-06-13,Magnolia,E4004,7.00,APPROVED
TC000761,2026-06-13,Magnolia,E4005,6.45,APPROVED
TC000762,2026-06-13,Magnolia,E4006,7.45,APPROVED
TC000763,2026-06-13,Magnolia,E4007,8.45,APPROVED
TC000764,2026-06-13,Magnolia,E4008,8.30,APPROVED
TC000765,2026-06-13,Magnolia,E4009,6.45,APPROVED
TC000766,2026-06-13,Magnolia,E4010,9.00,APPROVED
TC000767,2026-06-13,Magnolia,E4011,6.45,APPROVED
TC000768,2026-06-13,Magnolia,E4012,6.45,APPROVED
TC000769,2026-06-13,QueenAnne,E5001,6.15,APPROVED
TC000770,2026-06-13,QueenAnne,E5002,8.45,APPROVED
TC000771,2026-06-13,QueenAnne,E5003,8.15,APPROVED
TC000772,2026-06-13,QueenAnne,E5004,9.00,APPROVED
TC000773,2026-06-13,QueenAnne,E5005,8.45,APPROVED
TC000774,2026-06-13,QueenAnne,E5006,7.45,APPROVED
TC000775,2026-06-13,QueenAnne,E5007,6.30,APPROVED
TC000776,2026-06-13,QueenAnne,E5008,7.45,APPROVED
TC000777,2026-06-13,QueenAnne,E5009,7.45,APPROVED
TC000778,2026-06-13,QueenAnne,E5010,8.00,APPROVED
TC000779,2026-06-13,QueenAnne,E5011,8.45,APPROVED
TC000780,2026-06-13,QueenAnne,E5012,6.45,APPROVED
TC000781,2026-06-14,Ballard,E1001,8.45,APPROVED
TC000782,2026-06-14,Ballard,E1002,7.45,APPROVED
TC000783,2026-06-14,Ballard,E1003,8.30,APPROVED
TC000784,2026-06-14,Ballard,E1004,7.30,APPROVED
TC000785,2026-06-14,Ballard,E1005,6.30,APPROVED
TC000786,2026-06-14,Ballard,E1006,7.30,APPROVED
TC000787,2026-06-14,Ballard,E1007,6.30,APPROVED
TC000788,2026-06-14,Ballard,E1008,6.00,APPROVED
TC000789,2026-06-14,Ballard,E1009,6.45,APPROVED
TC000790,2026-06-14,Ballard,E1010,7.45,APPROVED
TC000791,2026-06-14,Ballard,E1011,7.45,APPROVED
TC000792,2026-06-14,Ballard,E1012,8.30,APPROVED
TC000793,2026-06-14,Fremont,E2001,8.00,APPROVED
TC000794,2026-06-14,Fremont,E2002,8.45,APPROVED
TC000795,2026-06-14,Fremont,E2003,7.30,APPROVED
TC000796,2026-06-14,Fremont,E2004,8.45,APPROVED
TC000797,2026-06-14,Fremont,E2005,8.45,APPROVED
TC000798,2026-06-14,Fremont,E2006,6.45,APPROVED
TC000799,2026-06-14,Fremont,E2007,8.45,APPROVED
TC000800,2026-06-14,Fremont,E2008,8.00,APPROVED
TC000801,2026-06-14,Fremont,E2009,6.30,APPROVED
TC000802,2026-06-14,Fremont,E2010,6.30,APPROVED
TC000803,2026-06-14,Fremont,E2011,7.45,APPROVED
TC000804,2026-06-14,Fremont,E2012,8.45,APPROVED
TC000805,2026-06-14,Greenwood,E3001,7.30,APPROVED
TC000806,2026-06-14,Greenwood,E3002,8.45,APPROVED
TC000807,2026-06-14,Greenwood,E3003,8.30,APPROVED
TC000808,2026-06-14,Greenwood,E3004,8.45,APPROVED
TC000809,2026-06-14,Greenwood,E3005,8.45,APPROVED
TC000810,2026-06-14,Greenwood,E3006,9.00,APPROVED
TC000811,2026-06-14,Greenwood,E3007,6.30,APPROVED
TC000812,2026-06-14,Greenwood,E3008,8.30,APPROVED
TC000813,2026-06-14,Greenwood,E3009,8.45,APPROVED
TC000814,2026-06-14,Greenwood,E3010,8.00,APPROVED
TC000815,2026-06-14,Greenwood,E3011,7.45,APPROVED
TC000816,2026-06-14,Greenwood,E3012,6.45,APPROVED
TC000817,2026-06-14,Magnolia,E4001,9.00,APPROVED
TC000818,2026-06-14,Magnolia,E4002,9.00,APPROVED
TC000819,2026-06-14,Magnolia,E4003,8.45,APPROVED
TC000820,2026-06-14,Magnolia,E4004,7.30,APPROVED
TC000821,2026-06-14,Magnolia,E4005,7.30,APPROVED
TC000822,2026-06-14,Magnolia,E4006,8.30,APPROVED
TC000823,2026-06-14,Magnolia,E4007,7.45,APPROVED
TC000824,2026-06-14,Magnolia,E4008,8.30,APPROVED
TC000825,2026-06-14,Magnolia,E4009,7.45,APPROVED
TC000826,2026-06-14,Magnolia,E4010,9.00,APPROVED
TC000827,2026-06-14,Magnolia,E4011,7.45,APPROVED
TC000828,2026-06-14,Magnolia,E4012,8.45,APPROVED
TC000829,2026-06-14,QueenAnne,E5001,8.30,APPROVED
TC000830,2026-06-14,QueenAnne,E5002,8.45,APPROVED
TC000831,2026-06-14,QueenAnne,E5003,7.30,APPROVED
TC000832,2026-06-14,QueenAnne,E5004,8.45,APPROVED
TC000833,2026-06-14,QueenAnne,E5005,6.30,APPROVED
TC000834,2026-06-14,QueenAnne,E5006,8.45,APPROVED
TC000835,2026-06-14,QueenAnne,E5007,7.45,APPROVED
TC000836,2026-06-14,QueenAnne,E5008,8.30,APPROVED
TC000837,2026-06-14,QueenAnne,E5009,8.00,APPROVED
TC000838,2026-06-14,QueenAnne,E5010,6.15,APPROVED
TC000839,2026-06-14,QueenAnne,E5011,8.30,APPROVED
TC000840,2026-06-14,QueenAnne,E5012,6.15,APPROVED
TC000841,2026-06-15,Ballard,E1001,9.00,APPROVED
TC000842,2026-06-15,Ballard,E1002,7.45,APPROVED
TC000843,2026-06-15,Ballard,E1003,8.00,APPROVED
TC000844,2026-06-15,Ballard,E1004,9.00,APPROVED
TC000845,2026-06-15,Ballard,E1005,7.45,APPROVED
TC000846,2026-06-15,Ballard,E1006,9.00,APPROVED
TC000847,2026-06-15,Ballard,E1007,8.30,APPROVED
TC000848,2026-06-15,Ballard,E1008,7.45,APPROVED
TC000849,2026-06-15,Ballard,E1009,7.45,APPROVED
TC000850,2026-06-15,Ballard,E1010,8.15,APPROVED
TC000851,2026-06-15,Ballard,E1011,7.45,APPROVED
TC000852,2026-06-15,Ballard,E1012,7.30,APPROVED
TC000853,2026-06-15,Fremont,E2001,6.30,APPROVED
TC000854,2026-06-15,Fremont,E2002,7.45,APPROVED
TC000855,2026-06-15,Fremont,E2003,8.45,APPROVED
TC000856,2026-06-15,Fremont,E2004,8.45,APPROVED
TC000857,2026-06-15,Fremont,E2005,6.45,APPROVED
TC000858,2026-06-15,Fremont,E2006,8.45,APPROVED
TC000859,2026-06-15,Fremont,E2007,8.30,APPROVED
TC000860,2026-06-15,Fremont,E2008,6.45,APPROVED
TC000861,2026-06-15,Fremont,E2009,8.45,APPROVED
TC000862,2026-06-15,Fremont,E2010,9.00,APPROVED
TC000863,2026-06-15,Fremont,E2011,7.45,APPROVED
TC000864,2026-06-15,Fremont,E2012,7.45,APPROVED
TC000865,2026-06-15,Greenwood,E3001,8.30,APPROVED
TC000866,2026-06-15,Greenwood,E3002,8.00,APPROVED
TC000867,2026-06-15,Greenwood,E3003,8.45,APPROVED
TC000868,2026-06-15,Greenwood,E3004,7.30,APPROVED
TC000869,2026-06-15,Greenwood,E3005,7.00,APPROVED
TC000870,2026-06-15,Greenwood,E3006,8.45,APPROVED
TC000871,2026-06-15,Greenwood,E3007,7.45,APPROVED
TC000872,2026-06-15,Greenwood,E3008,9.00,APPROVED
TC000873,2026-06-15,Greenwood,E3009,8.30,APPROVED
TC000874,2026-06-15,Greenwood,E3010,8.00,APPROVED
TC000875,2026-06-15,Greenwood,E3011,6.45,APPROVED
TC000876,2026-06-15,Greenwood,E3012,8.30,APPROVED
TC000877,2026-06-15,Magnolia,E4001,8.30,APPROVED
TC000878,2026-06-15,Magnolia,E4002,9.00,APPROVED
TC000879,2026-06-15,Magnolia,E4003,8.45,APPROVED
TC000880,2026-06-15,Magnolia,E4004,8.45,APPROVED
TC000881,2026-06-15,Magnolia,E4005,8.45,APPROVED
TC000882,2026-06-15,Magnolia,E4006,7.45,APPROVED
TC000883,2026-06-15,Magnolia,E4007,7.00,APPROVED
TC000884,2026-06-15,Magnolia,E4008,9.00,APPROVED
TC000885,2026-06-15,Magnolia,E4009,8.45,APPROVED
TC000886,2026-06-15,Magnolia,E4010,8.00,APPROVED
TC000887,2026-06-15,Magnolia,E4011,8.45,APPROVED
TC000888,2026-06-15,Magnolia,E4012,8.45,APPROVED
TC000889,2026-06-15,QueenAnne,E5001,8.30,APPROVED
TC000890,2026-06-15,QueenAnne,E5002,9.00,APPROVED
TC000891,2026-06-15,QueenAnne,E5003,7.00,APPROVED
TC000892,2026-06-15,QueenAnne,E5004,8.45,APPROVED
TC000893,2026-06-15,QueenAnne,E5005,8.30,APPROVED
TC000894,2026-06-15,QueenAnne,E5006,7.45,APPROVED
TC000895,2026-06-15,QueenAnne,E5007,8.15,APPROVED
TC000896,2026-06-15,QueenAnne,E5008,7.45,APPROVED
TC000897,2026-06-15,QueenAnne,E5009,7.45,APPROVED
TC000898,2026-06-15,QueenAnne,E5010,8.30,APPROVED
TC000899,2026-06-15,QueenAnne,E5011,6.45,APPROVED
TC000900,2026-06-15,QueenAnne,E5012,7.30,APPROVED
TC000901,2026-06-16,Ballard,E1001,7.45,APPROVED
TC000902,2026-06-16,Ballard,E1002,7.00,APPROVED
TC000903,2026-06-16,Ballard,E1003,7.30,APPROVED
TC000904,2026-06-16,Ballard,E1004,9.00,APPROVED
TC000905,2026-06-16,Ballard,E1005,6.15,APPROVED
TC000906,2026-06-16,Ballard,E1006,8.00,APPROVED
TC000907,2026-06-16,Ballard,E1007,8.30,APPROVED
TC000908,2026-06-16,Ballard,E1008,7.30,APPROVED
TC000909,2026-06-16,Ballard,E1009,8.30,APPROVED
TC000910,2026-06-16,Ballard,E1010,8.30,APPROVED
TC000911,2026-06-16,Ballard,E1011,7.45,APPROVED
TC000912,2026-06-16,Ballard,E1012,8.45,APPROVED
TC000913,2026-06-16,Fremont,E2001,8.00,APPROVED
TC000914,2026-06-16,Fremont,E2002,6.30,APPROVED
TC000915,2026-06-16,Fremont,E2003,8.45,APPROVED
TC000916,2026-06-16,Fremont,E2004,6.45,APPROVED
TC000917,2026-06-16,Fremont,E2005,8.30,APPROVED
TC000918,2026-06-16,Fremont,E2006,9.00,APPROVED
TC000919,2026-06-16,Fremont,E2007,8.00,APPROVED
TC000920,2026-06-16,Fremont,E2008,7.45,APPROVED
TC000921,2026-06-16,Fremont,E2009,8.30,APPROVED
TC000922,2026-06-16,Fremont,E2010,8.30,APPROVED
TC000923,2026-06-16,Fremont,E2011,7.30,APPROVED
TC000924,2026-06-16,Fremont,E2012,8.30,APPROVED
TC000925,2026-06-16,Greenwood,E3001,8.45,APPROVED
TC000926,2026-06-16,Greenwood,E3002,8.45,APPROVED
TC000927,2026-06-16,Greenwood,E3003,6.45,APPROVED
TC000928,2026-06-16,Greenwood,E3004,8.00,APPROVED
TC000929,2026-06-16,Greenwood,E3005,6.45,APPROVED
TC000930,2026-06-16,Greenwood,E3006,7.45,APPROVED
TC000931,2026-06-16,Greenwood,E3007,7.00,APPROVED
TC000932,2026-06-16,Greenwood,E3008,8.30,APPROVED
TC000933,2026-06-16,Greenwood,E3009,8.45,APPROVED
TC000934,2026-06-16,Greenwood,E3010,8.45,APPROVED
TC000935,2026-06-16,Greenwood,E3011,8.45,APPROVED
TC000936,2026-06-16,Greenwood,E3012,8.45,APPROVED
TC000937,2026-06-16,Magnolia,E4001,8.15,APPROVED
TC000938,2026-06-16,Magnolia,E4002,8.45,APPROVED
TC000939,2026-06-16,Magnolia,E4003,8.45,APPROVED
TC000940,2026-06-16,Magnolia,E4004,7.45,APPROVED
TC000941,2026-06-16,Magnolia,E4005,8.30,APPROVED
TC000942,2026-06-16,Magnolia,E4006,8.45,APPROVED
TC000943,2026-06-16,Magnolia,E4007,8.45,APPROVED
TC000944,2026-06-16,Magnolia,E4008,7.45,APPROVED
TC000945,2026-06-16,Magnolia,E4009,8.15,APPROVED
TC000946,2026-06-16,Magnolia,E4010,7.45,APPROVED
TC000947,2026-06-16,Magnolia,E4011,8.30,APPROVED
TC000948,2026-06-16,Magnolia,E4012,6.30,APPROVED
TC000949,2026-06-16,QueenAnne,E5001,8.45,APPROVED
TC000950,2026-06-16,QueenAnne,E5002,9.00,APPROVED
TC000951,2026-06-16,QueenAnne,E5003,8.15,APPROVED
TC000952,2026-06-16,QueenAnne,E5004,7.15,APPROVED
TC000953,2026-06-16,QueenAnne,E5005,8.45,APPROVED
TC000954,2026-06-16,QueenAnne,E5006,8.00,APPROVED
TC000955,2026-06-16,QueenAnne,E5007,9.00,APPROVED
TC000956,2026-06-16,QueenAnne,E5008,9.00,APPROVED
TC000957,2026-06-16,QueenAnne,E5009,8.45,APPROVED
TC000958,2026-06-16,QueenAnne,E5010,8.15,APPROVED
TC000959,2026-06-16,QueenAnne,E5011,8.45,APPROVED
TC000960,2026-06-16,QueenAnne,E5012,7.45,APPROVED
TC000961,2026-06-17,Ballard,E1001,8.45,APPROVED
TC000962,2026-06-17,Ballard,E1002,8.00,APPROVED
TC000963,2026-06-17,Ballard,E1003,9.00,APPROVED
TC000964,2026-06-17,Ballard,E1004,6.30,APPROVED
TC000965,2026-06-17,Ballard,E1005,6.00,APPROVED
TC000966,2026-06-17,Ballard,E1006,7.00,APPROVED
TC000967,2026-06-17,Ballard,E1007,9.00,APPROVED
TC000968,2026-06-17,Ballard,E1008,8.30,APPROVED
TC000969,2026-06-17,Ballard,E1009,7.30,APPROVED
TC000970,2026-06-17,Ballard,E1010,8.30,APPROVED
TC000971,2026-06-17,Ballard,E1011,7.30,APPROVED
TC000972,2026-06-17,Ballard,E1012,8.45,APPROVED
TC000973,2026-06-17,Fremont,E2001,6.00,APPROVED
TC000974,2026-06-17,Fremont,E2002,8.00,APPROVED
TC000975,2026-06-17,Fremont,E2003,6.30,APPROVED
TC000976,2026-06-17,Fremont,E2004,8.30,APPROVED
TC000977,2026-06-17,Fremont,E2005,7.30,APPROVED
TC000978,2026-06-17,Fremont,E2006,6.45,APPROVED
TC000979,2026-06-17,Fremont,E2007,7.45,APPROVED
TC000980,2026-06-17,Fremont,E2008,6.30,APPROVED
TC000981,2026-06-17,Fremont,E2009,8.00,APPROVED
TC000982,2026-06-17,Fremont,E2010,7.15,APPROVED
TC000983,2026-06-17,Fremont,E2011,6.00,APPROVED
TC000984,2026-06-17,Fremont,E2012,7.30,APPROVED
TC000985,2026-06-17,Greenwood,E3001,7.30,APPROVED
TC000986,2026-06-17,Greenwood,E3002,8.00,APPROVED
TC000987,2026-06-17,Greenwood,E3003,7.30,APPROVED
TC000988,2026-06-17,Greenwood,E3004,6.30,APPROVED
TC000989,2026-06-17,Greenwood,E3005,6.15,APPROVED
TC000990,2026-06-17,Greenwood,E3006,7.30,APPROVED
TC000991,2026-06-17,Greenwood,E3007,8.30,APPROVED
TC000992,2026-06-17,Greenwood,E3008,6.45,APPROVED
TC000993,2026-06-17,Greenwood,E3009,7.00,APPROVED
TC000994,2026-06-17,Greenwood,E3010,7.30,APPROVED
TC000995,2026-06-17,Greenwood,E3011,8.45,APPROVED
TC000996,2026-06-17,Greenwood,E3012,7.00,APPROVED
TC000997,2026-06-17,Magnolia,E4001,6.45,APPROVED
TC000998,2026-06-17,Magnolia,E4002,8.00,APPROVED
TC000999,2026-06-17,Magnolia,E4003,8.45,APPROVED
TC001000,2026-06-17,Magnolia,E4004,8.30,APPROVED
TC001001,2026-06-17,Magnolia,E4005,8.30,APPROVED
TC001002,2026-06-17,Magnolia,E4006,6.45,APPROVED
TC001003,2026-06-17,Magnolia,E4007,7.45,APPROVED
TC001004,2026-06-17,Magnolia,E4008,7.30,APPROVED
TC001005,2026-06-17,Magnolia,E4009,8.45,APPROVED
TC001006,2026-06-17,Magnolia,E4010,7.45,APPROVED
TC001007,2026-06-17,Magnolia,E4011,7.30,APPROVED
TC001008,2026-06-17,Magnolia,E4012,8.45,APPROVED
TC001009,2026-06-17,QueenAnne,E5001,6.00,APPROVED
TC001010,2026-06-17,QueenAnne,E5002,7.45,APPROVED
TC001011,2026-06-17,QueenAnne,E5003,8.30,APPROVED
TC001012,2026-06-17,QueenAnne,E5004,7.45,APPROVED
TC001013,2026-06-17,QueenAnne,E5005,9.00,APPROVED
TC001014,2026-06-17,QueenAnne,E5006,9.00,APPROVED
TC001015,2026-06-17,QueenAnne,E5007,6.15,APPROVED
TC001016,2026-06-17,QueenAnne,E5008,9.00,APPROVED
TC001017,2026-06-17,QueenAnne,E5009,6.30,APPROVED
TC001018,2026-06-17,QueenAnne,E5010,6.45,APPROVED
TC001019,2026-06-17,QueenAnne,E5011,8.45,APPROVED
TC001020,2026-06-17,QueenAnne,E5012,9.00,APPROVED
TC001021,2026-06-18,Ballard,E1001,8.45,APPROVED
TC001022,2026-06-18,Ballard,E1002,6.30,APPROVED
TC001023,2026-06-18,Ballard,E1003,9.00,APPROVED
TC001024,2026-06-18,Ballard,E1004,8.45,APPROVED
TC001025,2026-06-18,Ballard,E1005,8.15,APPROVED
TC001026,2026-06-18,Ballard,E1006,8.30,APPROVED
TC001027,2026-06-18,Ballard,E1007,8.00,APPROVED
TC001028,2026-06-18,Ballard,E1008,7.30,APPROVED
TC001029,2026-06-18,Ballard,E1009,8.30,APPROVED
TC001030,2026-06-18,Ballard,E1010,6.45,APPROVED
TC001031,2026-06-18,Ballard,E1011,6.15,APPROVED
TC001032,2026-06-18,Ballard,E1012,9.00,APPROVED
TC001033,2026-06-18,Fremont,E2001,6.45,APPROVED
TC001034,2026-06-18,Fremont,E2002,8.00,APPROVED
TC001035,2026-06-18,Fremont,E2003,9.00,APPROVED
TC001036,2026-06-18,Fremont,E2004,6.45,APPROVED
TC001037,2026-06-18,Fremont,E2005,9.00,APPROVED
TC001038,2026-06-18,Fremont,E2006,8.45,APPROVED
TC001039,2026-06-18,Fremont,E2007,7.30,APPROVED
TC001040,2026-06-18,Fremont,E2008,9.00,APPROVED
TC001041,2026-06-18,Fremont,E2009,7.45,APPROVED
TC001042,2026-06-18,Fremont,E2010,6.30,APPROVED
TC001043,2026-06-18,Fremont,E2011,8.30,APPROVED
TC001044,2026-06-18,Fremont,E2012,9.00,APPROVED
TC001045,2026-06-18,Greenwood,E3001,8.45,APPROVED
TC001046,2026-06-18,Greenwood,E3002,6.30,APPROVED
TC001047,2026-06-18,Greenwood,E3003,8.30,APPROVED
TC001048,2026-06-18,Greenwood,E3004,7.00,APPROVED
TC001049,2026-06-18,Greenwood,E3005,7.30,APPROVED
TC001050,2026-06-18,Greenwood,E3006,6.45,APPROVED
TC001051,2026-06-18,Greenwood,E3007,7.45,APPROVED
TC001052,2026-06-18,Greenwood,E3008,6.30,APPROVED
TC001053,2026-06-18,Greenwood,E3009,8.45,APPROVED
TC001054,2026-06-18,Greenwood,E3010,8.45,APPROVED
TC001055,2026-06-18,Greenwood,E3011,6.45,APPROVED
TC001056,2026-06-18,Greenwood,E3012,8.45,APPROVED
TC001057,2026-06-18,Magnolia,E4001,6.15,APPROVED
TC001058,2026-06-18,Magnolia,E4002,8.45,APPROVED
TC001059,2026-06-18,Magnolia,E4003,7.15,APPROVED
TC001060,2026-06-18,Magnolia,E4004,8.30,APPROVED
TC001061,2026-06-18,Magnolia,E4005,7.30,APPROVED
TC001062,2026-06-18,Magnolia,E4006,9.00,APPROVED
TC001063,2026-06-18,Magnolia,E4007,8.45,APPROVED
TC001064,2026-06-18,Magnolia,E4008,8.00,APPROVED
TC001065,2026-06-18,Magnolia,E4009,9.00,APPROVED
TC001066,2026-06-18,Magnolia,E4010,6.30,APPROVED
TC001067,2026-06-18,Magnolia,E4011,8.15,APPROVED
TC001068,2026-06-18,Magnolia,E4012,8.30,APPROVED
TC001069,2026-06-18,QueenAnne,E5001,7.30,APPROVED
TC001070,2026-06-18,QueenAnne,E5002,7.30,APPROVED
TC001071,2026-06-18,QueenAnne,E5003,7.45,APPROVED
TC001072,2026-06-18,QueenAnne,E5004,8.00,APPROVED
TC001073,2026-06-18,QueenAnne,E5005,8.45,APPROVED
TC001074,2026-06-18,QueenAnne,E5006,6.45,APPROVED
TC001075,2026-06-18,QueenAnne,E5007,8.45,APPROVED
TC001076,2026-06-18,QueenAnne,E5008,7.30,APPROVED
TC001077,2026-06-18,QueenAnne,E5009,6.45,APPROVED
TC001078,2026-06-18,QueenAnne,E5010,8.15,APPROVED
TC001079,2026-06-18,QueenAnne,E5011,8.00,APPROVED
TC001080,2026-06-18,QueenAnne,E5012,9.00,APPROVED
TC001081,2026-06-19,Ballard,E1001,8.30,APPROVED
TC001082,2026-06-19,Ballard,E1002,8.30,APPROVED
TC001083,2026-06-19,Ballard,E1003,8.45,APPROVED
TC001084,2026-06-19,Ballard,E1004,6.00,APPROVED
TC001085,2026-06-19,Ballard,E1005,9.00,APPROVED
TC001086,2026-06-19,Ballard,E1006,9.00,APPROVED
TC001087,2026-06-19,Ballard,E1007,8.45,APPROVED
TC001088,2026-06-19,Ballard,E1008,8.30,APPROVED
TC001089,2026-06-19,Ballard,E1009,6.45,APPROVED
TC001090,2026-06-19,Ballard,E1010,7.30,APPROVED
TC001091,2026-06-19,Ballard,E1011,8.30,APPROVED
TC001092,2026-06-19,Ballard,E1012,7.00,APPROVED
TC001093,2026-06-19,Fremont,E2001,7.15,APPROVED
TC001094,2026-06-19,Fremont,E2002,8.30,APPROVED
TC001095,2026-06-19,Fremont,E2003,8.45,APPROVED
TC001096,2026-06-19,Fremont,E2004,6.45,APPROVED
TC001097,2026-06-19,Fremont,E2005,8.30,APPROVED
TC001098,2026-06-19,Fremont,E2006,7.45,APPROVED
TC001099,2026-06-19,Fremont,E2007,8.00,APPROVED
TC001100,2026-06-19,Fremont,E2008,7.00,APPROVED
TC001101,2026-06-19,Fremont,E2009,6.30,APPROVED
TC001102,2026-06-19,Fremont,E2010,6.00,APPROVED
TC001103,2026-06-19,Fremont,E2011,7.45,APPROVED
TC001104,2026-06-19,Fremont,E2012,6.00,APPROVED
TC001105,2026-06-19,Greenwood,E3001,8.00,APPROVED
TC001106,2026-06-19,Greenwood,E3002,8.45,APPROVED
TC001107,2026-06-19,Greenwood,E3003,8.45,APPROVED
TC001108,2026-06-19,Greenwood,E3004,9.00,APPROVED
TC001109,2026-06-19,Greenwood,E3005,8.45,APPROVED
TC001110,2026-06-19,Greenwood,E3006,7.30,APPROVED
TC001111,2026-06-19,Greenwood,E3007,6.30,APPROVED
TC001112,2026-06-19,Greenwood,E3008,7.15,APPROVED
TC001113,2026-06-19,Greenwood,E3009,7.30,APPROVED
TC001114,2026-06-19,Greenwood,E3010,8.45,APPROVED
TC001115,2026-06-19,Greenwood,E3011,9.00,APPROVED
TC001116,2026-06-19,Greenwood,E3012,7.30,APPROVED
TC001117,2026-06-19,Magnolia,E4001,7.30,APPROVED
TC001118,2026-06-19,Magnolia,E4002,7.30,APPROVED
TC001119,2026-06-19,Magnolia,E4003,8.45,APPROVED
TC001120,2026-06-19,Magnolia,E4004,9.00,APPROVED
TC001121,2026-06-19,Magnolia,E4005,8.30,APPROVED
TC001122,2026-06-19,Magnolia,E4006,6.15,APPROVED
TC001123,2026-06-19,Magnolia,E4007,8.00,APPROVED
TC001124,2026-06-19,Magnolia,E4008,9.00,APPROVED
TC001125,2026-06-19,Magnolia,E4009,6.45,APPROVED
TC001126,2026-06-19,Magnolia,E4010,8.45,APPROVED
TC001127,2026-06-19,Magnolia,E4011,8.45,APPROVED
TC001128,2026-06-19,Magnolia,E4012,8.30,APPROVED
TC001129,2026-06-19,QueenAnne,E5001,7.30,APPROVED
TC001130,2026-06-19,QueenAnne,E5002,7.45,APPROVED
TC001131,2026-06-19,QueenAnne,E5003,7.45,APPROVED
TC001132,2026-06-19,QueenAnne,E5004,8.30,APPROVED
TC001133,2026-06-19,QueenAnne,E5005,8.15,APPROVED
TC001134,2026-06-19,QueenAnne,E5006,6.15,APPROVED
TC001135,2026-06-19,QueenAnne,E5007,8.00,APPROVED
TC001136,2026-06-19,QueenAnne,E5008,7.45,APPROVED
TC001137,2026-06-19,QueenAnne,E5009,8.30,APPROVED
TC001138,2026-06-19,QueenAnne,E5010,8.00,APPROVED
TC001139,2026-06-19,QueenAnne,E5011,8.45,APPROVED
TC001140,2026-06-19,QueenAnne,E5012,7.00,APPROVED
TC001141,2026-06-20,Ballard,E1001,8.45,APPROVED
TC001142,2026-06-20,Ballard,E1002,8.30,APPROVED
TC001143,2026-06-20,Ballard,E1003,7.15,APPROVED
TC001144,2026-06-20,Ballard,E1004,6.45,APPROVED
TC001145,2026-06-20,Ballard,E1005,8.30,APPROVED
TC001146,2026-06-20,Ballard,E1006,9.00,APPROVED
TC001147,2026-06-20,Ballard,E1007,6.30,APPROVED
TC001148,2026-06-20,Ballard,E1008,6.45,APPROVED
TC001149,2026-06-20,Ballard,E1009,6.15,APPROVED
TC001150,2026-06-20,Ballard,E1010,8.30,APPROVED
TC001151,2026-06-20,Ballard,E1011,6.15,APPROVED
TC001152,2026-06-20,Ballard,E1012,7.45,APPROVED
TC001153,2026-06-20,Fremont,E2001,8.15,APPROVED
TC001154,2026-06-20,Fremont,E2002,7.45,APPROVED
TC001155,2026-06-20,Fremont,E2003,7.00,APPROVED
TC001156,2026-06-20,Fremont,E2004,9.00,APPROVED
TC001157,2026-06-20,Fremont,E2005,8.30,APPROVED
TC001158,2026-06-20,Fremont,E2006,7.30,APPROVED
TC001159,2026-06-20,Fremont,E2007,6.45,APPROVED
TC001160,2026-06-20,Fremont,E2008,7.00,APPROVED
TC001161,2026-06-20,Fremont,E2009,8.00,APPROVED
TC001162,2026-06-20,Fremont,E2010,8.45,APPROVED
TC001163,2026-06-20,Fremont,E2011,7.30,APPROVED
TC001164,2026-06-20,Fremont,E2012,6.00,APPROVED
TC001165,2026-06-20,Greenwood,E3001,8.30,APPROVED
TC001166,2026-06-20,Greenwood,E3002,6.15,APPROVED
TC001167,2026-06-20,Greenwood,E3003,7.30,APPROVED
TC001168,2026-06-20,Greenwood,E3004,6.45,APPROVED
TC001169,2026-06-20,Greenwood,E3005,8.30,APPROVED
TC001170,2026-06-20,Greenwood,E3006,8.30,APPROVED
TC001171,2026-06-20,Greenwood,E3007,8.45,APPROVED
TC001172,2026-06-20,Greenwood,E3008,8.45,APPROVED
TC001173,2026-06-20,Greenwood,E3009,7.00,APPROVED
TC001174,2026-06-20,Greenwood,E3010,8.30,APPROVED
TC001175,2026-06-20,Greenwood,E3011,7.00,APPROVED
TC001176,2026-06-20,Greenwood,E3012,6.00,APPROVED
TC001177,2026-06-20,Magnolia,E4001,8.45,APPROVED
TC001178,2026-06-20,Magnolia,E4002,8.30,APPROVED
TC001179,2026-06-20,Magnolia,E4003,7.30,APPROVED
TC001180,2026-06-20,Magnolia,E4004,7.30,APPROVED
TC001181,2026-06-20,Magnolia,E4005,8.45,APPROVED
TC001182,2026-06-20,Magnolia,E4006,8.00,APPROVED
TC001183,2026-06-20,Magnolia,E4007,7.45,APPROVED
TC001184,2026-06-20,Magnolia,E4008,8.30,APPROVED
TC001185,2026-06-20,Magnolia,E4009,9.00,APPROVED
TC001186,2026-06-20,Magnolia,E4010,7.45,APPROVED
TC001187,2026-06-20,Magnolia,E4011,7.30,APPROVED
TC001188,2026-06-20,Magnolia,E4012,8.15,APPROVED
TC001189,2026-06-20,QueenAnne,E5001,7.45,APPROVED
TC001190,2026-06-20,QueenAnne,E5002,8.45,APPROVED
TC001191,2026-06-20,QueenAnne,E5003,7.45,APPROVED
TC001192,2026-06-20,QueenAnne,E5004,7.30,APPROVED
TC001193,2026-06-20,QueenAnne,E5005,8.15,APPROVED
TC001194,2026-06-20,QueenAnne,E5006,9.00,APPROVED
TC001195,2026-06-20,QueenAnne,E5007,6.00,APPROVED
TC001196,2026-06-20,QueenAnne,E5008,9.00,APPROVED
TC001197,2026-06-20,QueenAnne,E5009,8.00,APPROVED
TC001198,2026-06-20,QueenAnne,E5010,7.15,APPROVED
TC001199,2026-06-20,QueenAnne,E5011,6.45,APPROVED
TC001200,2026-06-20,QueenAnne,E5012,7.15,APPROVED
TC001201,2026-06-21,Ballard,E1001,8.30,APPROVED
TC001202,2026-06-21,Ballard,E1002,8.30,APPROVED
TC001203,2026-06-21,Ballard,E1003,8.15,APPROVED
TC001204,2026-06-21,Ballard,E1004,9.00,APPROVED
TC001205,2026-06-21,Ballard,E1005,7.45,APPROVED
TC001206,2026-06-21,Ballard,E1006,9.00,APPROVED
TC001207,2026-06-21,Ballard,E1007,6.30,APPROVED
TC001208,2026-06-21,Ballard,E1008,8.30,APPROVED
TC001209,2026-06-21,Ballard,E1009,7.45,APPROVED
TC001210,2026-06-21,Ballard,E1010,7.45,APPROVED
TC001211,2026-06-21,Ballard,E1011,7.45,APPROVED
TC001212,2026-06-21,Ballard,E1012,6.30,APPROVED
TC001213,2026-06-21,Fremont,E2001,9.00,APPROVED
TC001214,2026-06-21,Fremont,E2002,8.15,APPROVED
TC001215,2026-06-21,Fremont,E2003,8.45,APPROVED
TC001216,2026-06-21,Fremont,E2004,6.00,APPROVED
TC001217,2026-06-21,Fremont,E2005,8.30,APPROVED
TC001218,2026-06-21,Fremont,E2006,8.45,APPROVED
TC001219,2026-06-21,Fremont,E2007,9.00,APPROVED
TC001220,2026-06-21,Fremont,E2008,6.00,APPROVED
TC001221,2026-06-21,Fremont,E2009,6.45,APPROVED
TC001222,2026-06-21,Fremont,E2010,6.45,APPROVED
TC001223,2026-06-21,Fremont,E2011,8.45,APPROVED
TC001224,2026-06-21,Fremont,E2012,7.30,APPROVED
TC001225,2026-06-21,Greenwood,E3001,7.00,APPROVED
TC001226,2026-06-21,Greenwood,E3002,6.45,APPROVED
TC001227,2026-06-21,Greenwood,E3003,8.45,APPROVED
TC001228,2026-06-21,Greenwood,E3004,6.45,APPROVED
TC001229,2026-06-21,Greenwood,E3005,8.15,APPROVED
TC001230,2026-06-21,Greenwood,E3006,8.30,APPROVED
TC001231,2026-06-21,Greenwood,E3007,9.00,APPROVED
TC001232,2026-06-21,Greenwood,E3008,7.45,APPROVED
TC001233,2026-06-21,Greenwood,E3009,8.30,APPROVED
TC001234,2026-06-21,Greenwood,E3010,6.30,APPROVED
TC001235,2026-06-21,Greenwood,E3011,7.15,APPROVED
TC001236,2026-06-21,Greenwood,E3012,7.00,APPROVED
TC001237,2026-06-21,Magnolia,E4001,9.00,APPROVED
TC001238,2026-06-21,Magnolia,E4002,8.45,APPROVED
TC001239,2026-06-21,Magnolia,E4003,7.15,APPROVED
TC001240,2026-06-21,Magnolia,E4004,6.45,APPROVED
TC001241,2026-06-21,Magnolia,E4005,6.30,APPROVED
TC001242,2026-06-21,Magnolia,E4006,8.30,APPROVED
TC001243,2026-06-21,Magnolia,E4007,7.45,APPROVED
TC001244,2026-06-21,Magnolia,E4008,7.00,APPROVED
TC001245,2026-06-21,Magnolia,E4009,8.30,APPROVED
TC001246,2026-06-21,Magnolia,E4010,7.30,APPROVED
TC001247,2026-06-21,Magnolia,E4011,8.00,APPROVED
TC001248,2026-06-21,Magnolia,E4012,8.30,APPROVED
TC001249,2026-06-21,QueenAnne,E5001,9.00,APPROVED
TC001250,2026-06-21,QueenAnne,E5002,7.30,APPROVED
TC001251,2026-06-21,QueenAnne,E5003,9.00,APPROVED
TC001252,2026-06-21,QueenAnne,E5004,8.45,APPROVED
TC001253,2026-06-21,QueenAnne,E5005,9.00,APPROVED
TC001254,2026-06-21,QueenAnne,E5006,8.30,APPROVED
TC001255,2026-06-21,QueenAnne,E5007,8.45,APPROVED
TC001256,2026-06-21,QueenAnne,E5008,6.45,APPROVED
TC001257,2026-06-21,QueenAnne,E5009,8.15,APPROVED
TC001258,2026-06-21,QueenAnne,E5010,7.30,APPROVED
TC001259,2026-06-21,QueenAnne,E5011,8.45,APPROVED
TC001260,2026-06-21,QueenAnne,E5012,8.30,APPROVED
TC001261,2026-06-22,Ballard,E1001,6.00,APPROVED
TC001262,2026-06-22,Ballard,E1002,7.30,APPROVED
TC001263,2026-06-22,Ballard,E1003,7.45,APPROVED
TC001264,2026-06-22,Ballard,E1004,8.15,APPROVED
TC001265,2026-06-22,Ballard,E1005,6.00,APPROVED
TC001266,2026-06-22,Ballard,E1006,8.45,APPROVED
TC001267,2026-06-22,Ballard,E1007,8.45,APPROVED
TC001268,2026-06-22,Ballard,E1008,9.00,APPROVED
TC001269,2026-06-22,Ballard,E1009,8.15,APPROVED
TC001270,2026-06-22,Ballard,E1010,7.30,APPROVED
TC001271,2026-06-22,Ballard,E1011,7.30,APPROVED
TC001272,2026-06-22,Ballard,E1012,7.45,APPROVED
TC001273,2026-06-22,Fremont,E2001,8.00,APPROVED
TC001274,2026-06-22,Fremont,E2002,7.15,APPROVED
TC001275,2026-06-22,Fremont,E2003,9.00,APPROVED
TC001276,2026-06-22,Fremont,E2004,7.00,APPROVED
TC001277,2026-06-22,Fremont,E2005,6.45,APPROVED
TC001278,2026-06-22,Fremont,E2006,8.45,APPROVED
TC001279,2026-06-22,Fremont,E2007,8.30,APPROVED
TC001280,2026-06-22,Fremont,E2008,7.45,APPROVED
TC001281,2026-06-22,Fremont,E2009,6.30,APPROVED
TC001282,2026-06-22,Fremont,E2010,9.00,APPROVED
TC001283,2026-06-22,Fremont,E2011,8.45,APPROVED
TC001284,2026-06-22,Fremont,E2012,8.30,APPROVED
TC001285,2026-06-22,Greenwood,E3001,9.00,APPROVED
TC001286,2026-06-22,Greenwood,E3002,7.45,APPROVED
TC001287,2026-06-22,Greenwood,E3003,9.00,APPROVED
TC001288,2026-06-22,Greenwood,E3004,7.00,APPROVED
TC001289,2026-06-22,Greenwood,E3005,9.00,APPROVED
TC001290,2026-06-22,Greenwood,E3006,8.30,APPROVED
TC001291,2026-06-22,Greenwood,E3007,8.45,APPROVED
TC001292,2026-06-22,Greenwood,E3008,7.45,APPROVED
TC001293,2026-06-22,Greenwood,E3009,8.15,APPROVED
TC001294,2026-06-22,Greenwood,E3010,6.00,APPROVED
TC001295,2026-06-22,Greenwood,E3011,8.45,APPROVED
TC001296,2026-06-22,Greenwood,E3012,8.45,APPROVED
TC001297,2026-06-22,Magnolia,E4001,7.30,APPROVED
TC001298,2026-06-22,Magnolia,E4002,9.00,APPROVED
TC001299,2026-06-22,Magnolia,E4003,7.30,APPROVED
TC001300,2026-06-22,Magnolia,E4004,7.15,APPROVED
TC001301,2026-06-22,Magnolia,E4005,8.45,APPROVED
TC001302,2026-06-22,Magnolia,E4006,9.00,APPROVED
TC001303,2026-06-22,Magnolia,E4007,8.00,APPROVED
TC001304,2026-06-22,Magnolia,E4008,7.45,APPROVED
TC001305,2026-06-22,Magnolia,E4009,8.45,APPROVED
TC001306,2026-06-22,Magnolia,E4010,6.45,APPROVED
TC001307,2026-06-22,Magnolia,E4011,6.45,APPROVED
TC001308,2026-06-22,Magnolia,E4012,8.30,APPROVED
TC001309,2026-06-22,QueenAnne,E5001,9.00,APPROVED
TC001310,2026-06-22,QueenAnne,E5002,9.00,APPROVED
TC001311,2026-06-22,QueenAnne,E5003,9.00,APPROVED
TC001312,2026-06-22,QueenAnne,E5004,7.45,APPROVED
TC001313,2026-06-22,QueenAnne,E5005,6.45,APPROVED
TC001314,2026-06-22,QueenAnne,E5006,8.30,APPROVED
TC001315,2026-06-22,QueenAnne,E5007,6.45,APPROVED
TC001316,2026-06-22,QueenAnne,E5008,8.45,APPROVED
TC001317,2026-06-22,QueenAnne,E5009,6.30,APPROVED
TC001318,2026-06-22,QueenAnne,E5010,7.45,APPROVED
TC001319,2026-06-22,QueenAnne,E5011,8.30,APPROVED
TC001320,2026-06-22,QueenAnne,E5012,8.30,APPROVED
TC001321,2026-06-23,Ballard,E1001,6.30,APPROVED
TC001322,2026-06-23,Ballard,E1002,8.30,APPROVED
TC001323,2026-06-23,Ballard,E1003,7.15,APPROVED
TC001324,2026-06-23,Ballard,E1004,8.00,APPROVED
TC001325,2026-06-23,Ballard,E1005,8.15,APPROVED
TC001326,2026-06-23,Ballard,E1006,6.45,APPROVED
TC001327,2026-06-23,Ballard,E1007,7.45,APPROVED
TC001328,2026-06-23,Ballard,E1008,6.30,APPROVED
TC001329,2026-06-23,Ballard,E1009,8.30,APPROVED
TC001330,2026-06-23,Ballard,E1010,8.45,APPROVED
TC001331,2026-06-23,Ballard,E1011,8.15,APPROVED
TC001332,2026-06-23,Ballard,E1012,8.45,APPROVED
TC001333,2026-06-23,Fremont,E2001,8.30,APPROVED
TC001334,2026-06-23,Fremont,E2002,7.15,APPROVED
TC001335,2026-06-23,Fremont,E2003,8.00,APPROVED
TC001336,2026-06-23,Fremont,E2004,7.45,APPROVED
TC001337,2026-06-23,Fremont,E2005,8.45,APPROVED
TC001338,2026-06-23,Fremont,E2006,8.45,APPROVED
TC001339,2026-06-23,Fremont,E2007,7.30,APPROVED
TC001340,2026-06-23,Fremont,E2008,7.45,APPROVED
TC001341,2026-06-23,Fremont,E2009,8.45,APPROVED
TC001342,2026-06-23,Fremont,E2010,8.30,APPROVED
TC001343,2026-06-23,Fremont,E2011,6.30,APPROVED
TC001344,2026-06-23,Fremont,E2012,8.45,APPROVED
TC001345,2026-06-23,Greenwood,E3001,8.45,APPROVED
TC001346,2026-06-23,Greenwood,E3002,8.45,APPROVED
TC001347,2026-06-23,Greenwood,E3003,7.15,APPROVED
TC001348,2026-06-23,Greenwood,E3004,7.45,APPROVED
TC001349,2026-06-23,Greenwood,E3005,6.45,APPROVED
TC001350,2026-06-23,Greenwood,E3006,7.00,APPROVED
TC001351,2026-06-23,Greenwood,E3007,6.45,APPROVED
TC001352,2026-06-23,Greenwood,E3008,7.00,APPROVED
TC001353,2026-06-23,Greenwood,E3009,9.00,APPROVED
TC001354,2026-06-23,Greenwood,E3010,6.45,APPROVED
TC001355,2026-06-23,Greenwood,E3011,6.15,APPROVED
TC001356,2026-06-23,Greenwood,E3012,8.30,APPROVED
TC001357,2026-06-23,Magnolia,E4001,8.45,APPROVED
TC001358,2026-06-23,Magnolia,E4002,8.45,APPROVED
TC001359,2026-06-23,Magnolia,E4003,8.30,APPROVED
TC001360,2026-06-23,Magnolia,E4004,6.45,APPROVED
TC001361,2026-06-23,Magnolia,E4005,7.30,APPROVED
TC001362,2026-06-23,Magnolia,E4006,8.45,APPROVED
TC001363,2026-06-23,Magnolia,E4007,7.30,APPROVED
TC001364,2026-06-23,Magnolia,E4008,8.15,APPROVED
TC001365,2026-06-23,Magnolia,E4009,8.00,APPROVED
TC001366,2026-06-23,Magnolia,E4010,8.45,APPROVED
TC001367,2026-06-23,Magnolia,E4011,6.45,APPROVED
TC001368,2026-06-23,Magnolia,E4012,6.45,APPROVED
TC001369,2026-06-23,QueenAnne,E5001,7.15,APPROVED
TC001370,2026-06-23,QueenAnne,E5002,6.45,APPROVED
TC001371,2026-06-23,QueenAnne,E5003,6.45,APPROVED
TC001372,2026-06-23,QueenAnne,E5004,8.45,APPROVED
TC001373,2026-06-23,QueenAnne,E5005,6.30,APPROVED
TC001374,2026-06-23,QueenAnne,E5006,6.45,APPROVED
TC001375,2026-06-23,QueenAnne,E5007,7.45,APPROVED
TC001376,2026-06-23,QueenAnne,E5008,8.30,APPROVED
TC001377,2026-06-23,QueenAnne,E5009,6.45,APPROVED
TC001378,2026-06-23,QueenAnne,E5010,8.45,APPROVED
TC001379,2026-06-23,QueenAnne,E5011,9.00,APPROVED
TC001380,2026-06-23,QueenAnne,E5012,6.30,APPROVED
TC001381,2026-06-24,Ballard,E1001,7.45,APPROVED
TC001382,2026-06-24,Ballard,E1002,7.45,APPROVED
TC001383,2026-06-24,Ballard,E1003,7.00,APPROVED
TC001384,2026-06-24,Ballard,E1004,7.30,APPROVED
TC001385,2026-06-24,Ballard,E1005,6.45,APPROVED
TC001386,2026-06-24,Ballard,E1006,8.45,APPROVED
TC001387,2026-06-24,Ballard,E1007,9.00,APPROVED
TC001388,2026-06-24,Ballard,E1008,6.45,APPROVED
TC001389,2026-06-24,Ballard,E1009,8.30,APPROVED
TC001390,2026-06-24,Ballard,E1010,7.45,APPROVED
TC001391,2026-06-24,Ballard,E1011,7.00,APPROVED
TC001392,2026-06-24,Ballard,E1012,9.00,APPROVED
TC001393,2026-06-24,Fremont,E2001,8.45,APPROVED
TC001394,2026-06-24,Fremont,E2002,8.00,APPROVED
TC001395,2026-06-24,Fremont,E2003,8.30,APPROVED
TC001396,2026-06-24,Fremont,E2004,8.45,APPROVED
TC001397,2026-06-24,Fremont,E2005,9.00,APPROVED
TC001398,2026-06-24,Fremont,E2006,9.00,APPROVED
TC001399,2026-06-24,Fremont,E2007,6.15,APPROVED
TC001400,2026-06-24,Fremont,E2008,6.30,APPROVED
TC001401,2026-06-24,Fremont,E2009,8.15,APPROVED
TC001402,2026-06-24,Fremont,E2010,8.30,APPROVED
TC001403,2026-06-24,Fremont,E2011,6.45,APPROVED
TC001404,2026-06-24,Fremont,E2012,6.45,APPROVED
TC001405,2026-06-24,Greenwood,E3001,9.00,APPROVED
TC001406,2026-06-24,Greenwood,E3002,7.15,APPROVED
TC001407,2026-06-24,Greenwood,E3003,8.45,APPROVED
TC001408,2026-06-24,Greenwood,E3004,7.45,APPROVED
TC001409,2026-06-24,Greenwood,E3005,7.45,APPROVED
TC001410,2026-06-24,Greenwood,E3006,8.45,APPROVED
TC001411,2026-06-24,Greenwood,E3007,8.30,APPROVED
TC001412,2026-06-24,Greenwood,E3008,7.30,APPROVED
TC001413,2026-06-24,Greenwood,E3009,9.00,APPROVED
TC001414,2026-06-24,Greenwood,E3010,8.45,APPROVED
TC001415,2026-06-24,Greenwood,E3011,8.00,APPROVED
TC001416,2026-06-24,Greenwood,E3012,7.15,APPROVED
TC001417,2026-06-24,Magnolia,E4001,8.30,APPROVED
TC001418,2026-06-24,Magnolia,E4002,8.45,APPROVED
TC001419,2026-06-24,Magnolia,E4003,8.30,APPROVED
TC001420,2026-06-24,Magnolia,E4004,9.00,APPROVED
TC001421,2026-06-24,Magnolia,E4005,8.45,APPROVED
TC001422,2026-06-24,Magnolia,E4006,7.45,APPROVED
TC001423,2026-06-24,Magnolia,E4007,7.30,APPROVED
TC001424,2026-06-24,Magnolia,E4008,8.30,APPROVED
TC001425,2026-06-24,Magnolia,E4009,6.15,APPROVED
TC001426,2026-06-24,Magnolia,E4010,9.00,APPROVED
TC001427,2026-06-24,Magnolia,E4011,7.45,APPROVED
TC001428,2026-06-24,Magnolia,E4012,8.30,APPROVED
TC001429,2026-06-24,QueenAnne,E5001,8.15,APPROVED
TC001430,2026-06-24,QueenAnne,E5002,7.45,APPROVED
TC001431,2026-06-24,QueenAnne,E5003,6.45,APPROVED
TC001432,2026-06-24,QueenAnne,E5004,7.30,APPROVED
TC001433,2026-06-24,QueenAnne,E5005,7.45,APPROVED
TC001434,2026-06-24,QueenAnne,E5006,6.30,APPROVED
TC001435,2026-06-24,QueenAnne,E5007,9.00,APPROVED
TC001436,2026-06-24,QueenAnne,E5008,6.45,APPROVED
TC001437,2026-06-24,QueenAnne,E5009,8.15,APPROVED
TC001438,2026-06-24,QueenAnne,E5010,8.45,APPROVED
TC001439,2026-06-24,QueenAnne,E5011,8.45,APPROVED
TC001440,2026-06-24,QueenAnne,E5012,8.45,APPROVED
TC001441,2026-06-25,Ballard,E1001,7.30,APPROVED
TC001442,2026-06-25,Ballard,E1002,8.45,APPROVED
TC001443,2026-06-25,Ballard,E1003,8.45,APPROVED
TC001444,2026-06-25,Ballard,E1004,8.30,APPROVED
TC001445,2026-06-25,Ballard,E1005,7.00,APPROVED
TC001446,2026-06-25,Ballard,E1006,6.00,APPROVED
TC001447,2026-06-25,Ballard,E1007,8.45,APPROVED
TC001448,2026-06-25,Ballard,E1008,6.45,APPROVED
TC001449,2026-06-25,Ballard,E1009,9.00,APPROVED
TC001450,2026-06-25,Ballard,E1010,8.45,APPROVED
TC001451,2026-06-25,Ballard,E1011,8.45,APPROVED
TC001452,2026-06-25,Ballard,E1012,9.00,APPROVED
TC001453,2026-06-25,Fremont,E2001,7.45,APPROVED
TC001454,2026-06-25,Fremont,E2002,7.30,APPROVED
TC001455,2026-06-25,Fremont,E2003,8.45,APPROVED
TC001456,2026-06-25,Fremont,E2004,8.15,APPROVED
TC001457,2026-06-25,Fremont,E2005,7.45,APPROVED
TC001458,2026-06-25,Fremont,E2006,7.15,APPROVED
TC001459,2026-06-25,Fremont,E2007,8.45,APPROVED
TC001460,2026-06-25,Fremont,E2008,7.45,APPROVED
TC001461,2026-06-25,Fremont,E2009,8.30,APPROVED
TC001462,2026-06-25,Fremont,E2010,7.00,APPROVED
TC001463,2026-06-25,Fremont,E2011,6.30,APPROVED
TC001464,2026-06-25,Fremont,E2012,9.00,APPROVED
TC001465,2026-06-25,Greenwood,E3001,8.30,APPROVED
TC001466,2026-06-25,Greenwood,E3002,8.45,APPROVED
TC001467,2026-06-25,Greenwood,E3003,7.45,APPROVED
TC001468,2026-06-25,Greenwood,E3004,6.45,APPROVED
TC001469,2026-06-25,Greenwood,E3005,8.15,APPROVED
TC001470,2026-06-25,Greenwood,E3006,7.45,APPROVED
TC001471,2026-06-25,Greenwood,E3007,8.00,APPROVED
TC001472,2026-06-25,Greenwood,E3008,8.30,APPROVED
TC001473,2026-06-25,Greenwood,E3009,8.15,APPROVED
TC001474,2026-06-25,Greenwood,E3010,6.45,APPROVED
TC001475,2026-06-25,Greenwood,E3011,6.45,APPROVED
TC001476,2026-06-25,Greenwood,E3012,8.30,APPROVED
TC001477,2026-06-25,Magnolia,E4001,6.45,APPROVED
TC001478,2026-06-25,Magnolia,E4002,6.45,APPROVED
TC001479,2026-06-25,Magnolia,E4003,7.30,APPROVED
TC001480,2026-06-25,Magnolia,E4004,8.45,APPROVED
TC001481,2026-06-25,Magnolia,E4005,8.45,APPROVED
TC001482,2026-06-25,Magnolia,E4006,7.45,APPROVED
TC001483,2026-06-25,Magnolia,E4007,7.30,APPROVED
TC001484,2026-06-25,Magnolia,E4008,8.15,APPROVED
TC001485,2026-06-25,Magnolia,E4009,6.30,APPROVED
TC001486,2026-06-25,Magnolia,E4010,8.45,APPROVED
TC001487,2026-06-25,Magnolia,E4011,9.00,APPROVED
TC001488,2026-06-25,Magnolia,E4012,8.45,APPROVED
TC001489,2026-06-25,QueenAnne,E5001,6.30,APPROVED
TC001490,2026-06-25,QueenAnne,E5002,9.00,APPROVED
TC001491,2026-06-25,QueenAnne,E5003,8.30,APPROVED
TC001492,2026-06-25,QueenAnne,E5004,8.30,APPROVED
TC001493,2026-06-25,QueenAnne,E5005,8.00,APPROVED
TC001494,2026-06-25,QueenAnne,E5006,8.15,APPROVED
TC001495,2026-06-25,QueenAnne,E5007,8.30,APPROVED
TC001496,2026-06-25,QueenAnne,E5008,7.45,APPROVED
TC001497,2026-06-25,QueenAnne,E5009,7.30,APPROVED
TC001498,2026-06-25,QueenAnne,E5010,7.45,APPROVED
TC001499,2026-06-25,QueenAnne,E5011,6.15,APPROVED
TC001500,2026-06-25,QueenAnne,E5012,8.15,APPROVED
TC001501,2026-06-26,Ballard,E1001,7.30,APPROVED
TC001502,2026-06-26,Ballard,E1002,7.00,APPROVED
TC001503,2026-06-26,Ballard,E1003,8.15,APPROVED
TC001504,2026-06-26,Ballard,E1004,8.00,APPROVED
TC001505,2026-06-26,Ballard,E1005,8.15,APPROVED
TC001506,2026-06-26,Ballard,E1006,9.00,APPROVED
TC001507,2026-06-26,Ballard,E1007,7.30,APPROVED
TC001508,2026-06-26,Ballard,E1008,6.45,APPROVED
TC001509,2026-06-26,Ballard,E1009,8.30,APPROVED
TC001510,2026-06-26,Ballard,E1010,7.45,APPROVED
TC001511,2026-06-26,Ballard,E1011,6.15,APPROVED
TC001512,2026-06-26,Ballard,E1012,9.00,APPROVED
TC001513,2026-06-26,Fremont,E2001,8.30,APPROVED
TC001514,2026-06-26,Fremont,E2002,7.15,APPROVED
TC001515,2026-06-26,Fremont,E2003,7.30,APPROVED
TC001516,2026-06-26,Fremont,E2004,8.30,APPROVED
TC001517,2026-06-26,Fremont,E2005,6.30,APPROVED
TC001518,2026-06-26,Fremont,E2006,6.45,APPROVED
TC001519,2026-06-26,Fremont,E2007,8.45,APPROVED
TC001520,2026-06-26,Fremont,E2008,8.45,APPROVED
TC001521,2026-06-26,Fremont,E2009,8.30,APPROVED
TC001522,2026-06-26,Fremont,E2010,8.30,APPROVED
TC001523,2026-06-26,Fremont,E2011,7.45,APPROVED
TC001524,2026-06-26,Fremont,E2012,6.45,APPROVED
TC001525,2026-06-26,Greenwood,E3001,6.30,APPROVED
TC001526,2026-06-26,Greenwood,E3002,9.00,APPROVED
TC001527,2026-06-26,Greenwood,E3003,8.00,APPROVED
TC001528,2026-06-26,Greenwood,E3004,8.45,APPROVED
TC001529,2026-06-26,Greenwood,E3005,8.45,APPROVED
TC001530,2026-06-26,Greenwood,E3006,8.15,APPROVED
TC001531,2026-06-26,Greenwood,E3007,8.45,APPROVED
TC001532,2026-06-26,Greenwood,E3008,9.00,APPROVED
TC001533,2026-06-26,Greenwood,E3009,6.30,APPROVED
TC001534,2026-06-26,Greenwood,E3010,9.00,APPROVED
TC001535,2026-06-26,Greenwood,E3011,7.45,APPROVED
TC001536,2026-06-26,Greenwood,E3012,7.45,APPROVED
TC001537,2026-06-26,Magnolia,E4001,6.45,APPROVED
TC001538,2026-06-26,Magnolia,E4002,8.30,APPROVED
TC001539,2026-06-26,Magnolia,E4003,6.45,APPROVED
TC001540,2026-06-26,Magnolia,E4004,7.45,APPROVED
TC001541,2026-06-26,Magnolia,E4005,8.30,APPROVED
TC001542,2026-06-26,Magnolia,E4006,8.45,APPROVED
TC001543,2026-06-26,Magnolia,E4007,7.30,APPROVED
TC001544,2026-06-26,Magnolia,E4008,7.45,APPROVED
TC001545,2026-06-26,Magnolia,E4009,8.00,APPROVED
TC001546,2026-06-26,Magnolia,E4010,7.45,APPROVED
TC001547,2026-06-26,Magnolia,E4011,9.00,APPROVED
TC001548,2026-06-26,Magnolia,E4012,8.45,APPROVED
TC001549,2026-06-26,QueenAnne,E5001,7.45,APPROVED
TC001550,2026-06-26,QueenAnne,E5002,9.00,APPROVED
TC001551,2026-06-26,QueenAnne,E5003,8.30,APPROVED
TC001552,2026-06-26,QueenAnne,E5004,8.00,APPROVED
TC001553,2026-06-26,QueenAnne,E5005,7.30,APPROVED
TC001554,2026-06-26,QueenAnne,E5006,8.45,APPROVED
TC001555,2026-06-26,QueenAnne,E5007,8.45,APPROVED
TC001556,2026-06-26,QueenAnne,E5008,7.45,APPROVED
TC001557,2026-06-26,QueenAnne,E5009,6.30,APPROVED
TC001558,2026-06-26,QueenAnne,E5010,7.15,APPROVED
TC001559,2026-06-26,QueenAnne,E5011,8.45,APPROVED
TC001560,2026-06-26,QueenAnne,E5012,8.15,APPROVED
TC001561,2026-06-27,Ballard,E1001,8.30,APPROVED
TC001562,2026-06-27,Ballard,E1002,8.00,APPROVED
TC001563,2026-06-27,Ballard,E1003,7.45,APPROVED
TC001564,2026-06-27,Ballard,E1004,6.45,APPROVED
TC001565,2026-06-27,Ballard,E1005,7.45,APPROVED
TC001566,2026-06-27,Ballard,E1006,8.30,APPROVED
TC001567,2026-06-27,Ballard,E1007,7.45,APPROVED
TC001568,2026-06-27,Ballard,E1008,7.00,APPROVED
TC001569,2026-06-27,Ballard,E1009,6.45,APPROVED
TC001570,2026-06-27,Ballard,E1010,7.45,APPROVED
TC001571,2026-06-27,Ballard,E1011,7.45,APPROVED
TC001572,2026-06-27,Ballard,E1012,8.45,APPROVED
TC001573,2026-06-27,Fremont,E2001,8.45,APPROVED
TC001574,2026-06-27,Fremont,E2002,8.30,APPROVED
TC001575,2026-06-27,Fremont,E2003,8.45,APPROVED
TC001576,2026-06-27,Fremont,E2004,8.00,APPROVED
TC001577,2026-06-27,Fremont,E2005,7.45,APPROVED
TC001578,2026-06-27,Fremont,E2006,6.00,APPROVED
TC001579,2026-06-27,Fremont,E2007,7.15,APPROVED
TC001580,2026-06-27,Fremont,E2008,6.30,APPROVED
TC001581,2026-06-27,Fremont,E2009,7.15,APPROVED
TC001582,2026-06-27,Fremont,E2010,7.45,APPROVED
TC001583,2026-06-27,Fremont,E2011,8.00,APPROVED
TC001584,2026-06-27,Fremont,E2012,8.45,APPROVED
TC001585,2026-06-27,Greenwood,E3001,8.45,APPROVED
TC001586,2026-06-27,Greenwood,E3002,8.45,APPROVED
TC001587,2026-06-27,Greenwood,E3003,8.15,APPROVED
TC001588,2026-06-27,Greenwood,E3004,8.30,APPROVED
TC001589,2026-06-27,Greenwood,E3005,9.00,APPROVED
TC001590,2026-06-27,Greenwood,E3006,7.45,APPROVED
TC001591,2026-06-27,Greenwood,E3007,7.00,APPROVED
TC001592,2026-06-27,Greenwood,E3008,7.45,APPROVED
TC001593,2026-06-27,Greenwood,E3009,8.45,APPROVED
TC001594,2026-06-27,Greenwood,E3010,8.30,APPROVED
TC001595,2026-06-27,Greenwood,E3011,8.00,APPROVED
TC001596,2026-06-27,Greenwood,E3012,7.30,APPROVED
TC001597,2026-06-27,Magnolia,E4001,6.00,APPROVED
TC001598,2026-06-27,Magnolia,E4002,7.00,APPROVED
TC001599,2026-06-27,Magnolia,E4003,6.30,APPROVED
TC001600,2026-06-27,Magnolia,E4004,6.15,APPROVED
TC001601,2026-06-27,Magnolia,E4005,8.45,APPROVED
TC001602,2026-06-27,Magnolia,E4006,8.15,APPROVED
TC001603,2026-06-27,Magnolia,E4007,8.30,APPROVED
TC001604,2026-06-27,Magnolia,E4008,8.45,APPROVED
TC001605,2026-06-27,Magnolia,E4009,7.30,APPROVED
TC001606,2026-06-27,Magnolia,E4010,7.45,APPROVED
TC001607,2026-06-27,Magnolia,E4011,6.30,APPROVED
TC001608,2026-06-27,Magnolia,E4012,7.45,APPROVED
TC001609,2026-06-27,QueenAnne,E5001,7.45,APPROVED
TC001610,2026-06-27,QueenAnne,E5002,7.45,APPROVED
TC001611,2026-06-27,QueenAnne,E5003,8.30,APPROVED
TC001612,2026-06-27,QueenAnne,E5004,8.45,APPROVED
TC001613,2026-06-27,QueenAnne,E5005,7.30,APPROVED
TC001614,2026-06-27,QueenAnne,E5006,8.00,APPROVED
TC001615,2026-06-27,QueenAnne,E5007,8.30,APPROVED
TC001616,2026-06-27,QueenAnne,E5008,6.30,APPROVED
TC001617,2026-06-27,QueenAnne,E5009,8.30,APPROVED
TC001618,2026-06-27,QueenAnne,E5010,8.15,APPROVED
TC001619,2026-06-27,QueenAnne,E5011,7.30,APPROVED
TC001620,2026-06-27,QueenAnne,E5012,8.30,APPROVED
TC001621,2026-06-28,Ballard,E1001,8.45,APPROVED
TC001622,2026-06-28,Ballard,E1002,9.00,APPROVED
TC001623,2026-06-28,Ballard,E1003,9.00,APPROVED
TC001624,2026-06-28,Ballard,E1004,6.30,APPROVED
TC001625,2026-06-28,Ballard,E1005,7.45,APPROVED
TC001626,2026-06-28,Ballard,E1006,8.45,APPROVED
TC001627,2026-06-28,Ballard,E1007,8.30,APPROVED
TC001628,2026-06-28,Ballard,E1008,9.00,APPROVED
TC001629,2026-06-28,Ballard,E1009,8.45,APPROVED
TC001630,2026-06-28,Ballard,E1010,9.00,APPROVED
TC001631,2026-06-28,Ballard,E1011,6.30,APPROVED
TC001632,2026-06-28,Ballard,E1012,7.30,APPROVED
TC001633,2026-06-28,Fremont,E2001,7.00,APPROVED
TC001634,2026-06-28,Fremont,E2002,7.45,APPROVED
TC001635,2026-06-28,Fremont,E2003,6.30,APPROVED
TC001636,2026-06-28,Fremont,E2004,7.45,APPROVED
TC001637,2026-06-28,Fremont,E2005,6.30,APPROVED
TC001638,2026-06-28,Fremont,E2006,8.45,APPROVED
TC001639,2026-06-28,Fremont,E2007,8.45,APPROVED
TC001640,2026-06-28,Fremont,E2008,7.30,APPROVED
TC001641,2026-06-28,Fremont,E2009,7.30,APPROVED
TC001642,2026-06-28,Fremont,E2010,7.00,APPROVED
TC001643,2026-06-28,Fremont,E2011,9.00,APPROVED
TC001644,2026-06-28,Fremont,E2012,8.30,APPROVED
TC001645,2026-06-28,Greenwood,E3001,6.30,APPROVED
TC001646,2026-06-28,Greenwood,E3002,6.45,APPROVED
TC001647,2026-06-28,Greenwood,E3003,8.15,APPROVED
TC001648,2026-06-28,Greenwood,E3004,7.30,APPROVED
TC001649,2026-06-28,Greenwood,E3005,7.45,APPROVED
TC001650,2026-06-28,Greenwood,E3006,7.45,APPROVED
TC001651,2026-06-28,Greenwood,E3007,8.30,APPROVED
TC001652,2026-06-28,Greenwood,E3008,8.45,APPROVED
TC001653,2026-06-28,Greenwood,E3009,8.00,APPROVED
TC001654,2026-06-28,Greenwood,E3010,7.30,APPROVED
TC001655,2026-06-28,Greenwood,E3011,8.45,APPROVED
TC001656,2026-06-28,Greenwood,E3012,8.45,APPROVED
TC001657,2026-06-28,Magnolia,E4001,6.45,APPROVED
TC001658,2026-06-28,Magnolia,E4002,9.00,APPROVED
TC001659,2026-06-28,Magnolia,E4003,7.45,APPROVED
TC001660,2026-06-28,Magnolia,E4004,8.45,APPROVED
TC001661,2026-06-28,Magnolia,E4005,8.45,APPROVED
TC001662,2026-06-28,Magnolia,E4006,7.30,APPROVED
TC001663,2026-06-28,Magnolia,E4007,8.15,APPROVED
TC001664,2026-06-28,Magnolia,E4008,6.00,APPROVED
TC001665,2026-06-28,Magnolia,E4009,8.30,APPROVED
TC001666,2026-06-28,Magnolia,E4010,8.30,APPROVED
TC001667,2026-06-28,Magnolia,E4011,8.30,APPROVED
TC001668,2026-06-28,Magnolia,E4012,8.30,APPROVED
TC001669,2026-06-28,QueenAnne,E5001,7.15,APPROVED
TC001670,2026-06-28,QueenAnne,E5002,6.15,APPROVED
TC001671,2026-06-28,QueenAnne,E5003,6.45,APPROVED
TC001672,2026-06-28,QueenAnne,E5004,7.00,APPROVED
TC001673,2026-06-28,QueenAnne,E5005,8.45,APPROVED
TC001674,2026-06-28,QueenAnne,E5006,7.30,APPROVED
TC001675,2026-06-28,QueenAnne,E5007,7.00,APPROVED
TC001676,2026-06-28,QueenAnne,E5008,8.15,APPROVED
TC001677,2026-06-28,QueenAnne,E5009,8.30,APPROVED
TC001678,2026-06-28,QueenAnne,E5010,7.45,APPROVED
TC001679,2026-06-28,QueenAnne,E5011,7.30,APPROVED
TC001680,2026-06-28,QueenAnne,E5012,7.45,APPROVED
TC001681,2026-06-29,Ballard,E1001,9.00,APPROVED
TC001682,2026-06-29,Ballard,E1002,6.30,APPROVED
TC001683,2026-06-29,Ballard,E1003,7.00,APPROVED
TC001684,2026-06-29,Ballard,E1004,7.30,APPROVED
TC001685,2026-06-29,Ballard,E1005,8.00,APPROVED
TC001686,2026-06-29,Ballard,E1006,7.30,APPROVED
TC001687,2026-06-29,Ballard,E1007,8.45,APPROVED
TC001688,2026-06-29,Ballard,E1008,6.45,APPROVED
TC001689,2026-06-29,Ballard,E1009,8.30,APPROVED
TC001690,2026-06-29,Ballard,E1010,7.45,APPROVED
TC001691,2026-06-29,Ballard,E1011,7.45,APPROVED
TC001692,2026-06-29,Ballard,E1012,9.00,APPROVED
TC001693,2026-06-29,Fremont,E2001,8.45,APPROVED
TC001694,2026-06-29,Fremont,E2002,8.45,APPROVED
TC001695,2026-06-29,Fremont,E2003,8.45,APPROVED
TC001696,2026-06-29,Fremont,E2004,6.45,APPROVED
TC001697,2026-06-29,Fremont,E2005,9.00,APPROVED
TC001698,2026-06-29,Fremont,E2006,8.45,APPROVED
TC001699,2026-06-29,Fremont,E2007,7.15,APPROVED
TC001700,2026-06-29,Fremont,E2008,6.30,APPROVED
TC001701,2026-06-29,Fremont,E2009,7.45,APPROVED
TC001702,2026-06-29,Fremont,E2010,8.30,APPROVED
TC001703,2026-06-29,Fremont,E2011,7.45,APPROVED
TC001704,2026-06-29,Fremont,E2012,8.30,APPROVED
TC001705,2026-06-29,Greenwood,E3001,7.30,APPROVED
TC001706,2026-06-29,Greenwood,E3002,7.45,APPROVED
TC001707,2026-06-29,Greenwood,E3003,6.00,APPROVED
TC001708,2026-06-29,Greenwood,E3004,8.45,APPROVED
TC001709,2026-06-29,Greenwood,E3005,8.45,APPROVED
TC001710,2026-06-29,Greenwood,E3006,6.30,APPROVED
TC001711,2026-06-29,Greenwood,E3007,7.00,APPROVED
TC001712,2026-06-29,Greenwood,E3008,8.45,APPROVED
TC001713,2026-06-29,Greenwood,E3009,8.30,APPROVED
TC001714,2026-06-29,Greenwood,E3010,9.00,APPROVED
TC001715,2026-06-29,Greenwood,E3011,8.45,APPROVED
TC001716,2026-06-29,Greenwood,E3012,8.45,APPROVED
TC001717,2026-06-29,Magnolia,E4001,8.45,APPROVED
TC001718,2026-06-29,Magnolia,E4002,7.45,APPROVED
TC001719,2026-06-29,Magnolia,E4003,8.30,APPROVED
TC001720,2026-06-29,Magnolia,E4004,6.30,APPROVED
TC001721,2026-06-29,Magnolia,E4005,8.15,APPROVED
TC001722,2026-06-29,Magnolia,E4006,7.30,APPROVED
TC001723,2026-06-29,Magnolia,E4007,7.30,APPROVED
TC001724,2026-06-29,Magnolia,E4008,6.15,APPROVED
TC001725,2026-06-29,Magnolia,E4009,7.15,APPROVED
TC001726,2026-06-29,Magnolia,E4010,7.45,APPROVED
TC001727,2026-06-29,Magnolia,E4011,7.45,APPROVED
TC001728,2026-06-29,Magnolia,E4012,6.45,APPROVED
TC001729,2026-06-29,QueenAnne,E5001,6.30,APPROVED
TC001730,2026-06-29,QueenAnne,E5002,7.30,APPROVED
TC001731,2026-06-29,QueenAnne,E5003,6.45,APPROVED
TC001732,2026-06-29,QueenAnne,E5004,6.30,APPROVED
TC001733,2026-06-29,QueenAnne,E5005,8.00,APPROVED
TC001734,2026-06-29,QueenAnne,E5006,7.15,APPROVED
TC001735,2026-06-29,QueenAnne,E5007,8.45,APPROVED
TC001736,2026-06-29,QueenAnne,E5008,8.45,APPROVED
TC001737,2026-06-29,QueenAnne,E5009,6.45,APPROVED
TC001738,2026-06-29,QueenAnne,E5010,9.00,APPROVED
TC001739,2026-06-29,QueenAnne,E5011,6.45,APPROVED
TC001740,2026-06-29,QueenAnne,E5012,7.30,APPROVED
TC001741,2026-06-30,Ballard,E1001,9.00,APPROVED
TC001742,2026-06-30,Ballard,E1002,6.45,APPROVED
TC001743,2026-06-30,Ballard,E1003,8.30,APPROVED
TC001744,2026-06-30,Ballard,E1004,7.30,APPROVED
TC001745,2026-06-30,Ballard,E1005,8.45,APPROVED
TC001746,2026-06-30,Ballard,E1006,6.00,APPROVED
TC001747,2026-06-30,Ballard,E1007,8.45,APPROVED
TC001748,2026-06-30,Ballard,E1008,6.45,APPROVED
TC001749,2026-06-30,Ballard,E1009,6.45,APPROVED
TC001750,2026-06-30,Ballard,E1010,9.00,APPROVED
TC001751,2026-06-30,Ballard,E1011,6.45,APPROVED
TC001752,2026-06-30,Ballard,E1012,6.45,APPROVED
TC001753,2026-06-30,Fremont,E2001,9.00,APPROVED
TC001754,2026-06-30,Fremont,E2002,7.30,APPROVED
TC001755,2026-06-30,Fremont,E2003,8.45,APPROVED
TC001756,2026-06-30,Fremont,E2004,8.45,APPROVED
TC001757,2026-06-30,Fremont,E2005,8.30,APPROVED
TC001758,2026-06-30,Fremont,E2006,8.00,APPROVED
TC001759,2026-06-30,Fremont,E2007,7.30,APPROVED
TC001760,2026-06-30,Fremont,E2008,9.00,APPROVED
TC001761,2026-06-30,Fremont,E2009,6.30,APPROVED
TC001762,2026-06-30,Fremont,E2010,8.15,APPROVED
TC001763,2026-06-30,Fremont,E2011,7.45,APPROVED
TC001764,2026-06-30,Fremont,E2012,6.30,APPROVED
TC001765,2026-06-30,Greenwood,E3001,7.15,APPROVED
TC001766,2026-06-30,Greenwood,E3002,8.45,APPROVED
TC001767,2026-06-30,Greenwood,E3003,7.15,APPROVED
TC001768,2026-06-30,Greenwood,E3004,6.30,APPROVED
TC001769,2026-06-30,Greenwood,E3005,7.00,APPROVED
TC001770,2026-06-30,Greenwood,E3006,6.30,APPROVED
TC001771,2026-06-30,Greenwood,E3007,7.45,APPROVED
TC001772,2026-06-30,Greenwood,E3008,7.30,APPROVED
TC001773,2026-06-30,Greenwood,E3009,7.30,APPROVED
TC001774,2026-06-30,Greenwood,E3010,7.00,APPROVED
TC001775,2026-06-30,Greenwood,E3011,8.00,APPROVED
TC001776,2026-06-30,Greenwood,E3012,8.45,APPROVED
TC001777,2026-06-30,Magnolia,E4001,7.45,APPROVED
TC001778,2026-06-30,Magnolia,E4002,7.30,APPROVED
TC001779,2026-06-30,Magnolia,E4003,6.45,APPROVED
TC001780,2026-06-30,Magnolia,E4004,8.30,APPROVED
TC001781,2026-06-30,Magnolia,E4005,8.30,APPROVED
TC001782,2026-06-30,Magnolia,E4006,7.45,APPROVED
TC001783,2026-06-30,Magnolia,E4007,6.45,APPROVED
TC001784,2026-06-30,Magnolia,E4008,7.30,APPROVED
TC001785,2026-06-30,Magnolia,E4009,8.15,APPROVED
TC001786,2026-06-30,Magnolia,E4010,8.45,APPROVED
TC001787,2026-06-30,Magnolia,E4011,6.45,APPROVED
TC001788,2026-06-30,Magnolia,E4012,7.45,APPROVED
TC001789,2026-06-30,QueenAnne,E5001,8.30,APPROVED
TC001790,2026-06-30,QueenAnne,E5002,8.30,APPROVED
TC001791,2026-06-30,QueenAnne,E5003,9.00,APPROVED
TC001792,2026-06-30,QueenAnne,E5004,8.30,APPROVED
TC001793,2026-06-30,QueenAnne,E5005,7.30,APPROVED
TC001794,2026-06-30,QueenAnne,E5006,8.15,APPROVED
TC001795,2026-06-30,QueenAnne,E5007,8.30,APPROVED
TC001796,2026-06-30,QueenAnne,E5008,6.45,APPROVED
TC001797,2026-06-30,QueenAnne,E5009,7.30,APPROVED
TC001798,2026-06-30,QueenAnne,E5010,7.45,APPROVED
TC001799,2026-06-30,QueenAnne,E5011,8.30,APPROVED
TC001800,2026-06-30,QueenAnne,E5012,6.00,APPROVED
