passenger_id,name,class,sex,age,fare,embarked,survived
1,"Blum, Mr. Walter",1,male,53,75.34,C,1
2,"Mercer, Mr. Samuel",1,male,43,62.72,S,1
3,"Dunmore, Mr. Marco",1,male,38,42.45,S,0
4,"Garrick, Mr. William",3,male,,8.45,S,0
5,"Fairclough, Mr. Emil",3,male,36,12.53,S,0
6,"Callahan, Mr. James",3,male,38,9.32,S,1
7,"Mercer, Mr. Robert",3,male,,12.2,Q,1
8,"Farrar, Mr. Thomas",3,male,36,13.05,Q,0
9,"Lindgren, Mr. Henry",2,male,,31.99,S,0
10,"Lindqvist, Mrs. Vera",1,female,,64.11,C,1
11,"Callahan, Mr. Robert",3,male,38,13.85,C,0
12,"Payne, Mr. George",3,male,8,5.36,S,0
13,"Hargreaves, Mr. Samuel",3,male,13,16.0,S,0
14,"Moreau, Mr. Arthur",2,male,34,16.17,S,0
15,"Ridley, Mr. Albert",1,male,39,93.82,S,0
16,"Pemberton, Mrs. Vera",2,female,26,14.39,S,1
17,"Lindgren, Mr. John",3,male,20,7.44,S,0
18,"Silva, Miss. Clara",1,female,34,40.46,S,1
19,"Ferrara, Miss. Mabel",2,female,17,9.1,S,1
20,"Ellery, Miss. Clara",1,female,39,180.35,Q,1
21,"Habermann, Mr. Charles",2,male,37,14.22,S,0
22,"Holm, Mrs. Olive",3,female,25,5.29,C,0
23,"Prescott, Mr. Nils",3,male,17,27.25,S,0
24,"Cropper, Mr. Hugh",2,male,38,20.77,S,0
25,"Blum, Mrs. Winifred",3,female,,13.55,S,1
26,"Garrick, Mr. Pietro",3,male,15,5.46,S,0
27,"Truscott, Mr. John",3,male,29,8.06,S,0
28,"Mercer, Mr. Pietro",3,male,8,7.98,S,0
29,"Blum, Mr. Hugh",1,male,13,95.94,C,1
30,"Okonkwo, Mrs. Dorothy",1,female,21,83.95,S,1
31,"Hargreaves, Miss. Lucia",2,female,19,17.88,C,1
32,"Ashcombe, Mr. George",3,male,30,9.44,S,0
33,"Prescott, Mrs. Rose",3,female,38,24.53,S,1
34,"Berg, Mr. Frederick",1,male,30,47.5,S,0
35,"Sassoon, Miss. Lucia",3,female,,13.53,S,0
36,"Marchetti, Mrs. Hannah",1,female,42,155.4,S,1
37,"Keller, Mr. Cornelius",3,male,,19.55,S,0
38,"Ainsworth, Miss. Eleanor",3,female,6,13.07,C,0
39,"Sassoon, Mr. Marco",2,male,32,11.77,S,0
40,"Pemberton, Mrs. Dorothy",3,female,23,18.16,C,0
41,"Blum, Mrs. Agnes",3,female,29,10.4,S,1
42,"Bexley, Miss. Margaret",1,female,58,67.11,S,1
43,"Quigley, Mrs. Lucia",1,female,28,73.63,S,1
44,"Blum, Mr. Nils",2,male,36,33.2,S,0
45,"Braithwaite, Miss. Mary",1,female,,105.93,S,1
46,"Silva, Mr. Luigi",3,male,20,23.23,S,1
47,"Mercer, Miss. Winifred",2,female,44,13.8,S,1
48,"Fanshawe, Mr. William",1,male,36,84.21,S,1
49,"Baptiste, Mrs. Lucia",1,female,60,59.27,S,0
50,"Duffy, Mr. Leonard",1,male,40,74.8,S,1
51,"Crowe, Mrs. Beatrice",1,female,43,61.29,S,0
52,"Okonkwo, Mrs. Violet",2,female,46,25.48,C,1
53,"Vane, Mr. Emil",3,male,20,13.58,S,0
54,"Holloway, Mr. Harold",3,male,0,16.72,S,0
55,"Crowe, Mr. James",3,male,31,22.63,S,0
56,"Docherty, Mrs. Ingrid",2,female,13,26.76,S,1
57,"Payne, Mr. Leonard",2,male,48,13.3,S,0
58,"Prescott, Miss. Ingrid",1,female,25,41.42,C,1
59,"Moreau, Mr. Charles",3,male,,11.44,C,0
60,"Callahan, Mr. Pietro",1,male,26,117.72,S,0
61,"Giordano, Mr. Albert",3,male,23,16.12,S,0
62,"Grantham, Mrs. Edith",3,female,57,21.59,S,1
63,"Mallory, Mr. George",1,male,23,116.14,C,0
64,"Blum, Master. Nils",3,male,,13.02,S,0
65,"Docherty, Mr. Samuel",3,male,40,15.53,C,0
66,"Holm, Mr. John",3,male,47,12.25,C,1
67,"Silva, Miss. Dorothy",1,female,42,76.01,S,1
68,"Sorensen, Master. Walter",3,male,7,10.27,Q,0
69,"Ashcombe, Mrs. Ethel",2,female,20,23.11,C,1
70,"Novak, Mr. Harold",3,male,29,4.89,S,0
71,"Fitzwilliam, Mrs. Bridget",3,female,26,8.72,S,1
72,"Braithwaite, Mr. Samuel",3,male,,6.12,S,0
73,"Ferrara, Mr. Harold",2,male,29,13.3,S,0
74,"Okonkwo, Miss. Mary",3,female,9,16.54,C,1
75,"Silva, Mr. Michael",3,male,,7.89,C,0
76,"Grantham, Mr. William",2,male,39,43.09,S,0
77,"Garrick, Mr. Walter",3,male,,12.4,S,0
78,"Ashcombe, Mrs. Dorothy",3,female,32,12.59,S,1
79,"Lindgren, Master. Harold",3,male,9,8.64,S,1
80,"Holloway, Miss. Dorothy",3,female,27,7.2,C,0
81,"Docherty, Mr. William",3,male,14,7.37,S,1
82,"Costa, Mr. John",3,male,19,35.38,S,1
83,"Delaney, Mr. Thomas",3,male,28,11.71,S,0
84,"Whitfield, Mr. Henry",1,male,25,77.35,S,0
85,"Ridley, Mr. Marco",3,male,23,14.46,S,0
86,"Callahan, Mrs. Rose",1,female,48,149.43,S,1
87,"Antonsson, Mr. Marco",3,male,21,15.1,C,0
88,"Crowe, Mr. James",2,male,,25.02,S,0
89,"Lindqvist, Mr. Arthur",2,male,39,16.31,C,0
90,"Baptiste, Mr. Leonard",2,male,39,15.19,S,0
91,"Crowe, Mr. Henry",3,male,40,8.49,Q,0
92,"Bexley, Mr. Thomas",2,male,41,23.7,C,0
93,"Garrick, Mr. Frederick",3,male,14,10.43,S,1
94,"Quigley, Mr. Robert",3,male,42,12.07,C,0
95,"Bell, Mrs. Clara",1,female,49,108.48,C,1
96,"Habermann, Mrs. Rose",3,female,22,29.2,S,0
97,"Farrar, Mr. Walter",2,male,41,15.48,C,0
98,"Quigley, Mr. Harold",2,male,29,27.98,S,0
99,"Bexley, Miss. Ida",1,female,62,87.91,S,1
100,"Habermann, Mr. Nils",3,male,,14.05,C,0
101,"Sexton, Mr. Emil",2,male,23,23.73,S,0
102,"Costa, Mr. Thomas",3,male,24,16.46,S,0
103,"Sexton, Mr. Albert",3,male,30,6.78,S,0
104,"Thornbury, Mr. Thomas",3,male,14,16.84,S,1
105,"Wexford, Mrs. Hannah",3,female,43,25.17,S,1
106,"Fanshawe, Mr. Nils",1,male,14,80.44,S,0
107,"Cropper, Mr. Harold",3,male,21,12.94,S,0
108,"Braithwaite, Mr. Nils",3,male,46,33.86,S,0
109,"Prescott, Miss. Hannah",2,female,40,11.87,S,0
110,"Ainsworth, Master. Leonard",3,male,11,19.73,S,0
111,"Bexley, Miss. Beatrice",2,female,34,19.19,C,1
112,"Prescott, Mr. Pietro",3,male,,29.52,S,0
113,"Berg, Mrs. Violet",1,female,30,85.68,S,1
114,"Rowntree, Miss. Bridget",3,female,,11.16,Q,1
115,"Ainsworth, Mr. Walter",1,male,26,93.19,S,0
116,"Moreau, Mrs. Violet",3,female,40,18.74,S,1
117,"Delaney, Mr. Robert",3,male,46,6.97,S,0
118,"Vane, Miss. Ethel",3,female,34,8.97,S,0
119,"Bexley, Mr. Robert",3,male,28,15.61,S,1
120,"Grantham, Mr. Henry",1,male,67,132.39,S,0
121,"Bexley, Mr. Thomas",3,male,31,11.44,Q,0
122,"Sassoon, Mr. George",1,male,38,91.28,C,1
123,"Blum, Mrs. Mary",3,female,23,5.38,C,0
124,"Mercer, Mr. Cornelius",1,male,36,207.34,S,0
125,"Farrar, Mr. Harold",3,male,32,11.27,S,0
126,"Braithwaite, Mr. Marco",2,male,12,47.5,S,0
127,"Dunmore, Mrs. Sylvia",1,female,47,68.93,C,1
128,"Vane, Miss. Winifred",1,female,52,124.02,C,1
129,"Wexford, Miss. Agnes",3,female,8,14.93,S,1
130,"Braithwaite, Master. Gustav",3,male,3,19.17,S,0
131,"Callahan, Mrs. Clara",3,female,18,9.66,C,0
132,"Prescott, Mrs. Hannah",3,female,34,9.73,S,1
133,"Berg, Mr. Michael",3,male,7,14.75,Q,0
134,"Fairclough, Mrs. Vera",3,female,32,13.92,S,1
135,"Wexford, Mr. Albert",3,male,35,8.25,C,0
136,"Keller, Mr. Nils",3,male,26,8.2,C,0
137,"Ridley, Mr. James",1,male,51,107.93,S,0
138,"Ridley, Mr. Michael",3,male,,8.64,S,0
139,"Grantham, Mr. John",3,male,24,16.26,S,0
140,"Tibbs, Mr. Gustav",2,male,41,31.23,S,0
141,"Crowe, Mr. Cornelius",3,male,38,17.84,S,0
142,"Ferrara, Master. Marco",2,male,10,47.99,C,0
143,"Holloway, Mr. Arthur",3,male,28,11.24,C,0
144,"Larkin, Mr. Michael",3,male,25,10.52,S,0
145,"Braithwaite, Miss. Ada",3,female,29,13.85,S,1
146,"Holloway, Master. Cornelius",3,male,3,9.83,S,0
147,"Blum, Mr. Declan",1,male,46,73.4,S,0
148,"Ainsworth, Mr. Charles",3,male,33,7.23,S,1
149,"Bell, Mr. John",3,male,11,11.59,S,0
150,"Cropper, Mr. William",2,male,20,42.74,C,0
151,"Cropper, Mr. Leonard",3,male,21,13.31,C,0
152,"Fanshawe, Mrs. Sylvia",3,female,47,11.44,S,0
153,"Baptiste, Mr. Michael",1,male,7,210.11,Q,1
154,"Grantham, Mr. Walter",1,male,38,142.69,S,1
155,"Moreau, Miss. Alice",1,female,43,118.31,S,1
156,"Fanshawe, Mr. Thomas",3,male,39,9.14,S,0
157,"Duffy, Mrs. Winifred",1,female,46,67.18,S,1
158,"Silva, Miss. Violet",1,female,60,124.01,S,1
159,"Ainsworth, Mr. Sean",1,male,54,99.13,S,1
160,"Prescott, Mr. Sean",1,male,38,76.47,C,0
161,"Duffy, Mrs. Nora",3,female,35,19.3,C,1
162,"Tibbs, Miss. Ingrid",2,female,16,46.52,S,1
163,"Rowntree, Mr. Edmund",3,male,17,8.91,C,0
164,"Berg, Mr. Sean",3,male,30,12.59,S,1
165,"Braithwaite, Mr. Declan",3,male,39,12.93,S,0
166,"Crowe, Mr. Harold",1,male,32,286.86,S,1
167,"Silva, Mr. Harold",2,male,31,18.33,S,0
168,"Grantham, Mr. Hugh",1,male,27,35.68,C,0
169,"Duffy, Mr. Samuel",3,male,11,6.42,S,0
170,"Pemberton, Mrs. Dorothy",3,female,28,22.49,S,0
171,"Giordano, Mr. Emil",3,male,31,22.3,S,0
172,"Costa, Mrs. Elsie",3,female,52,13.49,S,1
173,"Antonsson, Mrs. Winifred",1,female,46,155.37,S,1
174,"Baptiste, Miss. Rose",1,female,31,48.78,S,1
175,"Fitzwilliam, Mr. Nils",3,male,24,7.73,S,0
176,"Delaney, Mrs. Clara",2,female,17,10.86,Q,1
177,"Berg, Mr. John",3,male,17,18.02,S,0
178,"Thornbury, Mr. Walter",2,male,29,18.31,C,0
179,"Dunmore, Mr. Albert",3,male,61,13.19,S,0
180,"Antonsson, Mr. Thomas",3,male,1,5.55,S,0
181,"Vane, Miss. Gertrude",1,female,43,85.31,S,1
182,"Ainsworth, Mr. William",1,male,44,62.42,S,1
183,"Truscott, Mr. Leonard",3,male,29,20.07,S,0
184,"Novak, Miss. Edith",3,female,12,12.53,S,0
185,"Ridley, Mr. Pietro",1,male,38,140.3,C,1
186,"Ellery, Mr. Thomas",1,male,47,72.57,C,0
187,"Rowntree, Mr. Leonard",3,male,,11.07,S,0
188,"Bexley, Mr. Hugh",2,male,30,35.34,S,0
189,"Silva, Mr. Frederick",2,male,27,23.53,C,0
190,"Bexley, Miss. Winifred",3,female,16,7.19,S,1
191,"Moreau, Mr. Robert",2,male,30,21.52,S,0
192,"Andrade, Miss. Nora",3,female,12,8.88,S,1
193,"Ridley, Mr. Edmund",3,male,26,12.01,S,0
194,"Baptiste, Mr. Harold",3,male,,19.76,C,0
195,"Grantham, Mrs. Margaret",3,female,17,12.4,S,0
196,"Lindqvist, Mr. Emil",3,male,0,38.98,S,0
197,"Okonkwo, Mr. Gustav",3,male,27,11.99,S,1
198,"Andrade, Mr. James",3,male,45,9.36,S,1
199,"Marchetti, Master. Edmund",3,male,,9.23,S,0
200,"Callahan, Mr. Emil",1,male,14,73.21,S,1
201,"Cropper, Mr. Samuel",3,male,14,9.83,S,0
202,"Novak, Mr. Charles",3,male,58,23.66,C,0
203,"Rowntree, Mr. Nils",3,male,10,9.59,S,0
204,"Fairclough, Mrs. Vera",2,female,26,10.37,C,1
205,"Crowe, Miss. Olive",1,female,30,214.51,S,1
206,"Mallory, Master. Nils",3,male,2,9.53,S,0
207,"Delaney, Mr. William",3,male,,9.52,S,0
208,"Giordano, Mr. Samuel",2,male,21,22.08,S,0
209,"Hargreaves, Mr. Arthur",3,male,31,14.85,S,0
210,"Ainsworth, Mr. Edmund",3,male,54,8.71,C,0
211,"Fanshawe, Mrs. Harriet",3,female,27,7.28,S,1
212,"Bell, Mrs. Elsie",1,female,45,161.01,S,1
213,"Bell, Mr. Edmund",3,male,14,15.6,S,0
214,"Fairclough, Mrs. Florence",3,female,23,18.6,S,0
215,"Bell, Mrs. Margaret",3,female,19,7.97,S,1
216,"Duffy, Mr. Albert",2,male,20,10.12,S,0
217,"Rowntree, Mr. Charles",1,male,37,52.59,S,0
218,"Sorensen, Mrs. Hannah",3,female,50,13.06,S,0
219,"Garrick, Miss. Ethel",3,female,24,10.13,S,1
220,"Novak, Mr. Nils",3,male,33,18.57,Q,0
221,"Larkin, Mrs. Olive",3,female,23,8.18,C,1
222,"Mercer, Miss. Gertrude",2,female,27,17.25,S,1
223,"Berg, Mr. William",1,male,42,171.21,S,0
224,"Holloway, Mrs. Hannah",3,female,19,21.91,C,0
225,"Blum, Mr. George",3,male,31,21.58,S,0
226,"Holm, Mr. Samuel",3,male,41,7.86,S,0
227,"Marchetti, Mr. George",1,male,24,120.08,S,1
228,"Cropper, Mr. Arthur",3,male,,8.57,S,1
229,"Cropper, Mr. Albert",3,male,34,11.53,S,0
230,"Mercer, Mr. Arthur",2,male,45,29.88,S,1
231,"Mercer, Mr. Michael",1,male,80,84.29,S,1
232,"Andrade, Mr. Harold",3,male,41,19.65,S,0
233,"Holloway, Mr. Pietro",3,male,37,13.16,S,0
234,"Mercer, Mr. Hugh",3,male,48,6.51,S,0
235,"Ferrara, Miss. Elsie",3,female,35,21.78,S,1
236,"Larkin, Mr. Marco",3,male,31,22.74,S,1
237,"Wexford, Mr. Cornelius",2,male,41,61.09,Q,0
238,"Keller, Mr. Cornelius",3,male,36,10.87,S,0
239,"Holloway, Mr. Cornelius",1,male,43,136.13,C,1
240,"Mallory, Mrs. Nora",3,female,8,15.53,S,1
241,"Vane, Mr. George",3,male,42,10.31,S,1
242,"Quigley, Mr. George",3,male,28,17.85,Q,0
243,"Pemberton, Mr. Robert",3,male,27,10.71,C,0
244,"Tibbs, Mr. Arthur",3,male,30,31.53,S,0
245,"Sassoon, Mr. Declan",3,male,31,10.88,S,0
246,"Sorensen, Master. Cornelius",1,male,6,100.51,C,0
247,"Ashcombe, Mrs. Bridget",3,female,39,13.36,S,0
248,"Farrar, Mrs. Florence",3,female,27,7.98,S,0
249,"Novak, Mr. Robert",3,male,3,13.92,S,1
250,"Cropper, Miss. Hannah",3,female,36,18.59,C,0
251,"Antonsson, Master. Michael",1,male,8,75.0,S,0
252,"Whelan, Mrs. Elsie",3,female,32,9.95,S,1
253,"Moreau, Miss. Alice",1,female,41,97.11,S,1
254,"Prescott, Mrs. Mabel",2,female,40,14.77,S,1
255,"Ridley, Mrs. Rose",3,female,24,12.76,S,1
256,"Crowe, Mrs. Ada",1,female,55,61.14,S,1
257,"Payne, Mr. Emil",3,male,15,5.41,S,0
258,"Sexton, Mr. Emil",3,male,20,12.57,S,0
259,"Ellery, Mrs. Ethel",3,female,40,20.07,S,1
260,"Blum, Miss. Beatrice",1,female,57,56.6,S,1
261,"Ainsworth, Mr. Sean",2,male,41,23.51,Q,0
262,"Novak, Mr. Samuel",3,male,26,11.56,C,0
263,"Lindqvist, Mr. Henry",3,male,33,12.94,Q,0
264,"Ainsworth, Miss. Gertrude",2,female,19,11.4,S,1
265,"Whelan, Mr. Emil",3,male,18,35.5,Q,1
266,"Ainsworth, Mr. Arthur",3,male,43,20.47,S,1
267,"Pemberton, Mr. Walter",3,male,24,13.67,S,1
268,"Silva, Mrs. Gertrude",3,female,,13.93,S,1
269,"Ostrowski, Mr. William",3,male,43,11.51,S,0
270,"Duffy, Mr. Albert",3,male,17,9.25,S,0
271,"Nash, Mr. Gustav",3,male,52,9.71,Q,0
272,"Cropper, Mrs. Winifred",2,female,30,22.29,S,1
273,"Ridley, Mr. Gustav",3,male,3,19.12,S,0
274,"Larkin, Mr. John",1,male,31,79.74,S,0
275,"Delaney, Mrs. Edith",1,female,40,238.87,S,1
276,"Ferrara, Master. Harold",1,male,11,60.64,S,1
277,"Mercer, Miss. Dorothy",2,female,30,39.96,S,1
278,"Mercer, Mr. Emil",2,male,24,22.07,S,0
279,"Novak, Mr. Harold",3,male,30,3.16,S,0
280,"Fairclough, Mr. Gustav",3,male,14,9.18,S,0
281,"Novak, Mrs. Ethel",2,female,48,18.72,S,1
282,"Silva, Mrs. Edith",2,female,32,16.5,S,1
283,"Bexley, Mr. Samuel",2,male,47,10.61,S,0
284,"Rowntree, Mr. Albert",3,male,6,18.02,S,0
285,"Blum, Mr. Henry",3,male,20,15.5,C,0
286,"Docherty, Mr. Nils",3,male,55,48.06,S,0
287,"Ashcombe, Mr. Marco",3,male,29,26.68,C,0
288,"Farrar, Mr. Nils",2,male,18,27.5,C,0
289,"Farrar, Mr. Arthur",3,male,36,8.15,S,0
290,"Wexford, Mr. Robert",1,male,23,71.78,S,0
291,"Hargreaves, Miss. Vera",1,female,41,87.58,Q,1
292,"Habermann, Miss. Mary",1,female,64,40.68,S,1
293,"Antonsson, Master. Marco",3,male,,17.18,S,1
294,"Crowe, Mr. Michael",1,male,37,52.23,S,1
295,"Giordano, Mr. Frederick",3,male,25,6.74,S,0
296,"Blum, Mr. Michael",3,male,20,18.86,S,0
297,"Pemberton, Mr. Robert",3,male,39,10.34,S,0
298,"Sexton, Miss. Beatrice",1,female,29,58.28,S,1
299,"Pemberton, Mrs. Eleanor",2,female,0,5.78,Q,1
300,"Habermann, Mr. George",3,male,15,20.69,C,0
301,"Ridley, Mr. Nils",3,male,6,5.07,C,0
302,"Sassoon, Mr. Albert",3,male,7,7.12,S,0
303,"Farrar, Mr. Frederick",2,male,39,30.94,S,0
304,"Vane, Master. Samuel",3,male,4,10.75,S,0
305,"Bexley, Mrs. Vera",2,female,41,12.03,C,1
306,"Marchetti, Mr. James",2,male,7,13.49,Q,0
307,"Quigley, Mr. Henry",2,male,17,20.14,C,0
308,"Ridley, Mr. Marco",3,male,51,15.42,Q,0
309,"Mercer, Mr. Henry",3,male,40,16.08,S,0
310,"Lindqvist, Mr. Charles",3,male,12,7.9,S,0
311,"Holloway, Mr. George",3,male,0,21.27,S,0
312,"Garrick, Mr. Luigi",3,male,29,14.66,Q,0
313,"Mallory, Mr. Robert",2,male,55,28.05,S,0
314,"Mallory, Mr. Robert",1,male,52,119.06,S,0
315,"Callahan, Master. Robert",2,male,8,25.21,S,1
316,"Habermann, Mrs. Rose",3,female,22,5.92,C,1
317,"Fanshawe, Mr. Nils",3,male,8,11.12,S,0
318,"Prescott, Mr. John",2,male,44,15.15,S,0
319,"Habermann, Master. William",2,male,7,12.41,C,0
320,"Rowntree, Mr. Harold",1,male,35,153.86,S,1
321,"Lindgren, Mrs. Olive",1,female,36,74.47,S,1
322,"Mallory, Mr. Arthur",3,male,58,5.28,S,0
323,"Keller, Master. Charles",1,male,9,95.05,C,0
324,"Quigley, Mr. George",2,male,36,16.32,C,0
325,"Holm, Mr. Luigi",3,male,14,10.25,S,1
326,"Quigley, Miss. Sylvia",2,female,33,27.05,S,1
327,"Antonsson, Mrs. Dorothy",1,female,41,59.65,S,1
328,"Ellery, Miss. Violet",2,female,,13.84,Q,1
329,"Docherty, Miss. Sylvia",1,female,16,73.88,C,1
330,"Blum, Mr. Sean",3,male,23,15.67,Q,0
331,"Docherty, Mrs. Florence",3,female,25,9.86,C,0
332,"Rowntree, Master. Thomas",1,male,9,105.86,Q,0
333,"Fitzwilliam, Mr. John",3,male,9,26.12,S,0
334,"Callahan, Mr. Edmund",3,male,12,8.97,S,0
335,"Holm, Mr. Hugh",3,male,14,21.77,S,0
336,"Duffy, Mr. Nils",3,male,51,4.56,S,0
337,"Novak, Mrs. Lillian",2,female,50,30.92,C,1
338,"Habermann, Mrs. Edith",3,female,20,13.51,C,1
339,"Ferrara, Mr. James",3,male,36,9.18,S,0
340,"Silva, Miss. Ethel",3,female,31,5.55,S,1
341,"Sexton, Mrs. Alice",3,female,35,10.8,S,0
342,"Cropper, Miss. Clara",2,female,21,9.72,S,1
343,"Cropper, Master. Emil",3,male,6,8.1,S,0
344,"Sexton, Mr. Marco",1,male,18,147.32,S,0
345,"Ridley, Mr. Emil",2,male,36,26.88,S,1
346,"Nash, Mr. William",1,male,46,89.39,S,1
347,"Truscott, Mrs. Dorothy",3,female,27,10.88,S,1
348,"Costa, Mr. Charles",2,male,13,18.91,S,0
349,"Bell, Mr. Edmund",2,male,0,33.45,S,0
350,"Fitzwilliam, Mrs. Dorothy",1,female,48,48.02,Q,1
351,"Ostrowski, Miss. Gertrude",1,female,34,78.9,S,1
352,"Okonkwo, Mrs. Bridget",2,female,17,15.84,S,0
353,"Lindqvist, Mrs. Beatrice",1,female,42,168.98,S,1
354,"Ashcombe, Mrs. Vera",3,female,4,5.75,S,1
355,"Antonsson, Mr. Arthur",2,male,46,23.78,Q,0
356,"Keller, Mr. Pietro",3,male,29,10.19,C,0
357,"Wexford, Mr. Robert",1,male,71,50.06,S,0
358,"Docherty, Mrs. Ada",3,female,4,9.92,S,0
359,"Moreau, Mr. Arthur",1,male,30,86.93,S,1
360,"Marchetti, Mr. Nils",2,male,47,14.1,S,1
361,"Berg, Miss. Winifred",3,female,24,10.54,S,1
362,"Callahan, Miss. Mary",3,female,,12.17,S,0
363,"Fairclough, Master. Michael",3,male,,6.09,C,0
364,"Nash, Miss. Ada",2,female,49,25.09,C,1
365,"Ridley, Miss. Dorothy",1,female,37,158.46,S,1
366,"Whelan, Mr. Thomas",3,male,30,12.09,S,0
367,"Tibbs, Master. Samuel",3,male,,7.55,S,0
368,"Bell, Mr. Samuel",3,male,7,11.77,Q,0
369,"Callahan, Mrs. Eleanor",2,female,25,23.74,S,1
370,"Delaney, Mr. Arthur",3,male,40,13.04,S,0
371,"Mallory, Mrs. Harriet",3,female,23,9.84,S,0
372,"Okonkwo, Mrs. Rose",2,female,23,16.46,C,1
373,"Truscott, Mr. Nils",3,male,26,31.22,Q,0
374,"Sexton, Mr. Frederick",1,male,,90.09,C,1
375,"Farrar, Mrs. Elsie",2,female,49,16.22,S,1
376,"Garrick, Mrs. Lillian",3,female,39,29.46,S,1
377,"Farrar, Mr. John",3,male,12,37.92,C,0
378,"Hargreaves, Mr. Emil",3,male,38,9.52,S,0
379,"Ellery, Mr. Luigi",3,male,11,34.06,C,1
380,"Pemberton, Mr. Charles",2,male,27,6.97,S,0
381,"Truscott, Miss. Ingrid",3,female,23,11.54,S,0
382,"Whitfield, Mrs. Agnes",2,female,47,17.12,S,1
383,"Delaney, Mrs. Harriet",3,female,25,15.39,S,0
384,"Fairclough, Miss. Eleanor",2,female,,26.12,S,1
385,"Marchetti, Mrs. Bridget",1,female,35,46.94,S,1
386,"Mallory, Miss. Ida",1,female,53,55.86,S,1
387,"Duffy, Mr. George",2,male,34,8.13,S,0
388,"Ferrara, Mr. Charles",3,male,26,22.07,S,0
389,"Quigley, Mr. Leonard",1,male,55,66.97,S,0
390,"Bell, Mr. Edmund",1,male,40,76.73,Q,1
391,"Quigley, Mrs. Florence",3,female,,9.62,Q,0
392,"Thornbury, Mr. Frederick",1,male,40,36.52,Q,1
393,"Nash, Mr. George",2,male,38,38.86,S,0
394,"Sassoon, Mr. James",3,male,44,16.5,C,0
395,"Fitzwilliam, Mr. Nils",1,male,51,96.17,S,1
396,"Lindgren, Mrs. Alice",3,female,,19.19,S,1
397,"Payne, Mrs. Florence",3,female,22,16.32,S,1
398,"Ashcombe, Mr. Samuel",3,male,9,6.86,S,0
399,"Novak, Mr. James",1,male,27,53.92,S,0
400,"Lindgren, Mr. Leonard",3,male,,11.79,S,0
401,"Antonsson, Miss. Harriet",3,female,,25.17,C,0
402,"Berg, Mr. James",1,male,33,155.74,S,1
403,"Blum, Mrs. Hannah",1,female,39,53.15,Q,1
404,"Vane, Mrs. Dorothy",1,female,,79.39,S,1
405,"Crowe, Mrs. Winifred",1,female,26,45.05,S,1
406,"Larkin, Mr. Frederick",2,male,39,58.31,C,0
407,"Ellery, Mr. John",3,male,25,4.31,S,0
408,"Delaney, Miss. Eleanor",3,female,42,14.07,S,1
409,"Mercer, Mr. Nils",1,male,39,45.45,S,0
410,"Callahan, Mrs. Ethel",1,female,54,87.75,S,1
411,"Silva, Mr. Walter",3,male,43,12.55,C,1
412,"Ostrowski, Mrs. Mary",2,female,41,16.87,S,1
413,"Delaney, Mrs. Mary",3,female,,24.13,C,0
414,"Lindgren, Miss. Bridget",3,female,22,18.33,S,0
415,"Ostrowski, Mr. Edmund",3,male,26,14.12,S,0
416,"Bexley, Mrs. Elsie",3,female,16,12.14,S,0
417,"Tibbs, Mr. Harold",2,male,,16.47,S,0
418,"Giordano, Mrs. Ethel",1,female,33,127.82,S,1
419,"Moreau, Mr. Hugh",2,male,40,20.56,C,0
420,"Keller, Miss. Ingrid",1,female,48,140.83,Q,1
421,"Mercer, Mrs. Elsie",2,female,22,14.9,S,1
422,"Delaney, Mr. Cornelius",1,male,44,78.04,S,0
423,"Fitzwilliam, Mr. Charles",1,male,,89.02,S,0
424,"Hargreaves, Miss. Beatrice",3,female,4,10.03,S,0
425,"Nash, Mr. Sean",3,male,9,13.7,S,0
426,"Garrick, Miss. Margaret",3,female,41,18.45,S,1
427,"Ridley, Mrs. Clara",1,female,33,248.6,S,1
428,"Lindqvist, Mrs. Ada",2,female,13,17.52,S,1
429,"Grantham, Miss. Margaret",3,female,38,17.23,S,0
430,"Mallory, Mr. James",3,male,21,8.67,Q,0
431,"Truscott, Mrs. Ida",3,female,14,10.97,S,0
432,"Okonkwo, Mr. Harold",2,male,44,13.76,C,0
433,"Sexton, Miss. Florence",1,female,53,113.11,S,1
434,"Lindqvist, Mr. John",1,male,36,112.69,Q,0
435,"Callahan, Mrs. Ada",1,female,42,71.37,S,1
436,"Truscott, Mr. Samuel",2,male,30,10.51,S,0
437,"Fitzwilliam, Mr. Leonard",3,male,26,12.74,S,0
438,"Dunmore, Mr. Sean",1,male,40,173.69,C,0
439,"Payne, Mr. Robert",3,male,18,5.79,S,0
440,"Ferrara, Mr. Nils",3,male,35,13.21,S,1
441,"Baptiste, Mr. George",1,male,58,116.28,S,0
442,"Fairclough, Mr. Pietro",2,male,18,28.1,S,0
443,"Quigley, Miss. Elsie",3,female,11,30.24,S,1
444,"Hargreaves, Miss. Ada",1,female,54,42.39,S,1
445,"Dunmore, Mr. Declan",3,male,25,6.39,Q,0
446,"Nash, Mrs. Mary",3,female,,7.93,S,1
447,"Crowe, Mrs. Beatrice",1,female,37,161.2,S,1
448,"Holloway, Mr. Walter",2,male,13,12.34,S,0
449,"Fanshawe, Mr. Walter",3,male,33,11.0,C,0
450,"Grantham, Mrs. Florence",1,female,42,88.35,C,1
451,"Ellery, Mr. Charles",2,male,24,24.09,Q,1
452,"Ainsworth, Mr. Albert",3,male,39,18.47,S,0
453,"Docherty, Mr. William",3,male,,16.15,S,0
454,"Ferrara, Mr. Declan",3,male,26,13.11,S,0
455,"Farrar, Miss. Ada",2,female,45,17.38,S,1
456,"Lindqvist, Mr. Frederick",3,male,39,13.8,S,0
457,"Lindqvist, Mr. Declan",1,male,46,37.41,S,1
458,"Okonkwo, Mrs. Edith",1,female,41,68.41,S,1
459,"Grantham, Mr. Henry",1,male,27,87.57,S,0
460,"Okonkwo, Mrs. Bridget",1,female,24,141.56,S,1
461,"Andrade, Mr. Cornelius",1,male,44,51.02,C,1
462,"Whitfield, Mr. Frederick",2,male,27,26.06,S,0
463,"Duffy, Mr. Robert",3,male,46,6.9,S,0
464,"Wexford, Mr. Michael",3,male,32,9.76,S,0
465,"Sassoon, Mr. Harold",2,male,44,20.74,S,1
466,"Ashcombe, Mr. Edmund",2,male,55,16.64,S,1
467,"Delaney, Mrs. Margaret",1,female,36,53.0,C,1
468,"Mercer, Mr. Cornelius",3,male,13,14.08,S,1
469,"Braithwaite, Mr. Harold",3,male,32,4.91,S,0
470,"Larkin, Mr. Marco",3,male,30,30.03,Q,0
471,"Habermann, Miss. Ida",3,female,,4.83,Q,1
472,"Antonsson, Mr. James",2,male,62,27.97,C,0
473,"Costa, Miss. Gertrude",2,female,48,23.27,S,1
474,"Crowe, Mr. Harold",3,male,25,11.27,Q,1
475,"Docherty, Mr. Marco",3,male,,11.63,S,0
476,"Ostrowski, Mr. Sean",1,male,34,89.07,S,0
477,"Sexton, Miss. Margaret",1,female,24,47.05,S,1
478,"Nash, Master. Sean",2,male,12,23.32,S,1
479,"Fitzwilliam, Mr. Edmund",2,male,50,23.52,C,0
480,"Sexton, Mr. Thomas",3,male,40,18.13,S,0
481,"Keller, Mr. Cornelius",3,male,32,7.71,S,0
482,"Farrar, Mr. George",3,male,25,4.39,S,0
483,"Prescott, Mrs. Lillian",3,female,21,8.43,S,1
484,"Marchetti, Miss. Winifred",1,female,11,118.11,S,1
485,"Sexton, Mr. Thomas",3,male,24,16.37,S,0
486,"Wexford, Mrs. Violet",2,female,52,12.19,S,1
487,"Delaney, Mr. Albert",3,male,22,21.43,S,0
488,"Larkin, Mr. Hugh",3,male,55,10.39,S,0
489,"Crowe, Mr. John",3,male,25,23.14,S,0
490,"Mallory, Mr. Samuel",2,male,,38.7,Q,0
491,"Duffy, Mr. Thomas",3,male,21,11.57,S,0
492,"Nash, Mr. Robert",3,male,17,5.74,S,0
493,"Dunmore, Miss. Margaret",1,female,54,112.78,S,0
494,"Blum, Mr. Pietro",2,male,,18.38,S,0
495,"Farrar, Master. Harold",2,male,2,8.9,Q,0
496,"Holloway, Miss. Edith",1,female,42,79.56,S,1
497,"Marchetti, Miss. Elsie",2,female,24,23.88,C,1
498,"Giordano, Mr. Cornelius",3,male,51,8.56,S,0
499,"Grantham, Miss. Agnes",2,female,40,26.21,Q,1
500,"Braithwaite, Mr. Luigi",3,male,21,7.78,S,0
501,"Blum, Mr. Thomas",2,male,33,15.25,S,1
502,"Okonkwo, Mrs. Ida",1,female,52,46.33,S,1
503,"Grantham, Mrs. Margaret",2,female,37,14.31,Q,1
504,"Whitfield, Master. Harold",3,male,8,17.75,S,0
505,"Keller, Mr. Thomas",3,male,36,11.62,Q,0
506,"Ridley, Mr. Samuel",3,male,34,12.46,S,0
507,"Hargreaves, Mr. Edmund",3,male,34,9.41,S,0
508,"Whitfield, Mrs. Beatrice",2,female,28,25.99,C,1
509,"Fanshawe, Miss. Florence",1,female,50,73.88,C,1
510,"Hargreaves, Master. William",3,male,10,9.49,S,0
511,"Giordano, Miss. Alice",3,female,14,34.46,S,0
512,"Moreau, Mrs. Lucia",2,female,50,13.94,C,1
513,"Fitzwilliam, Mr. Pietro",1,male,23,53.19,S,1
514,"Holloway, Mr. Gustav",3,male,31,11.72,S,0
515,"Hargreaves, Mrs. Edith",2,female,41,23.79,S,1
516,"Baptiste, Mr. Nils",3,male,,17.64,C,1
517,"Rowntree, Mrs. Ida",3,female,23,7.39,S,0
518,"Bell, Mr. Gustav",3,male,8,15.45,S,1
519,"Sassoon, Mrs. Clara",2,female,35,33.83,S,1
520,"Sexton, Mr. William",3,male,0,10.37,S,0
521,"Habermann, Mr. Sean",3,male,38,14.04,C,0
522,"Andrade, Mr. Samuel",1,male,41,163.53,C,1
523,"Whitfield, Mr. James",3,male,30,13.49,S,1
524,"Baptiste, Master. Charles",3,male,7,19.82,S,1
525,"Pemberton, Mr. Luigi",3,male,14,16.62,S,0
526,"Fairclough, Miss. Ida",3,female,0,7.95,C,0
527,"Lindgren, Mr. Hugh",3,male,32,13.07,S,0
528,"Grantham, Mr. Harold",3,male,44,24.79,S,1
529,"Sexton, Mr. Declan",3,male,23,9.18,S,0
530,"Mercer, Mr. Thomas",2,male,24,15.01,S,0
531,"Holm, Mr. Declan",1,male,33,80.97,S,0
532,"Ashcombe, Mr. Albert",1,male,29,75.55,S,0
533,"Larkin, Mr. Harold",1,male,,64.03,S,0
534,"Ostrowski, Mr. Pietro",2,male,19,17.89,S,0
535,"Farrar, Mrs. Gertrude",3,female,51,8.08,S,1
536,"Sassoon, Mrs. Vera",3,female,26,14.25,S,0
537,"Whelan, Mr. Henry",3,male,0,11.07,S,0
538,"Lindgren, Miss. Winifred",3,female,23,14.17,S,0
539,"Mallory, Miss. Eleanor",3,female,43,25.36,S,0
540,"Marchetti, Mr. Declan",1,male,62,165.95,C,0
541,"Grantham, Mr. Robert",1,male,58,84.76,C,0
542,"Holloway, Mr. Sean",3,male,10,8.12,S,0
543,"Fanshawe, Mr. Declan",3,male,31,9.39,S,0
544,"Farrar, Mr. Luigi",3,male,11,9.64,S,0
545,"Crowe, Mr. Henry",3,male,29,36.8,S,0
546,"Fitzwilliam, Mrs. Mabel",2,female,28,22.89,Q,1
547,"Ellery, Mr. Marco",2,male,21,29.93,S,0
548,"Ashcombe, Mr. Albert",2,male,39,45.7,S,0
549,"Callahan, Mr. Leonard",3,male,10,16.79,S,0
550,"Ostrowski, Mr. William",1,male,46,143.22,S,0
551,"Quigley, Master. Walter",1,male,6,133.56,C,0
552,"Bexley, Mr. Sean",3,male,,14.44,Q,0
553,"Farrar, Mr. Hugh",1,male,24,58.04,S,0
554,"Sorensen, Master. Gustav",2,male,10,24.37,S,0
555,"Sassoon, Mrs. Dorothy",1,female,44,175.12,S,1
556,"Lindqvist, Master. Charles",3,male,7,23.69,S,1
557,"Berg, Mr. Sean",3,male,26,9.28,S,0
558,"Nash, Mr. Edmund",3,male,45,6.05,S,1
559,"Farrar, Mrs. Vera",3,female,37,10.68,S,0
560,"Fitzwilliam, Mrs. Florence",3,female,53,23.72,Q,0
561,"Ainsworth, Mr. Nils",3,male,23,12.74,S,0
562,"Whitfield, Mr. Michael",3,male,41,10.34,Q,0
563,"Braithwaite, Master. Walter",3,male,3,12.09,S,0
564,"Costa, Miss. Lucia",1,female,55,93.71,S,1
565,"Holloway, Mr. Cornelius",3,male,15,10.35,S,0
566,"Fitzwilliam, Mrs. Lucia",1,female,58,86.2,S,1
567,"Hargreaves, Mrs. Dorothy",3,female,36,36.91,Q,1
568,"Rowntree, Mrs. Elsie",3,female,15,16.49,C,1
569,"Whitfield, Mr. Henry",3,male,4,15.15,S,0
570,"Baptiste, Mr. Henry",3,male,39,9.25,S,0
571,"Callahan, Mrs. Ingrid",1,female,49,73.51,S,1
572,"Duffy, Mr. Pietro",3,male,,11.06,S,0
573,"Delaney, Mr. Cornelius",2,male,29,21.39,S,0
574,"Tibbs, Mr. Thomas",3,male,28,6.97,S,0
575,"Wexford, Mr. Nils",1,male,35,69.09,S,1
576,"Callahan, Mr. Leonard",1,male,30,91.95,S,0
577,"Cropper, Master. Declan",2,male,8,56.28,S,1
578,"Callahan, Mrs. Mabel",3,female,20,27.34,C,1
579,"Larkin, Mr. Leonard",1,male,26,181.36,C,1
580,"Duffy, Mrs. Clara",3,female,39,10.23,S,1
581,"Truscott, Mr. Marco",1,male,41,129.24,Q,1
582,"Quigley, Mr. Luigi",3,male,8,6.95,S,0
583,"Prescott, Mrs. Hannah",2,female,52,15.43,S,1
584,"Quigley, Miss. Mary",3,female,14,9.88,S,0
585,"Andrade, Mr. Arthur",3,male,21,7.57,S,0
586,"Moreau, Master. Declan",2,male,6,53.79,C,0
587,"Holm, Mr. Pietro",2,male,35,24.17,Q,0
588,"Novak, Miss. Ada",2,female,32,13.59,S,1
589,"Ashcombe, Mr. Charles",1,male,43,101.43,S,1
590,"Vane, Mr. Frederick",1,male,,58.21,S,1
591,"Berg, Mr. George",3,male,32,14.43,S,0
592,"Mallory, Miss. Gertrude",3,female,13,5.78,C,0
593,"Grantham, Mr. Leonard",3,male,26,15.13,S,0
594,"Crowe, Mr. Robert",1,male,52,111.54,S,0
595,"Rowntree, Miss. Ida",3,female,,11.48,S,0
596,"Lindqvist, Mr. Thomas",3,male,11,17.03,S,0
597,"Silva, Mr. Henry",3,male,41,8.57,Q,0
598,"Thornbury, Mr. Sean",2,male,48,20.26,S,1
599,"Ferrara, Miss. Ida",1,female,28,161.07,C,1
600,"Thornbury, Miss. Beatrice",3,female,39,7.3,S,0
601,"Delaney, Mr. Thomas",1,male,47,75.04,C,0
602,"Fairclough, Mr. Albert",1,male,43,57.79,C,0
603,"Okonkwo, Mr. Nils",3,male,41,12.97,S,0
604,"Docherty, Mr. Harold",2,male,18,13.62,Q,0
605,"Fanshawe, Mr. Charles",1,male,9,149.33,C,0
606,"Antonsson, Mr. William",3,male,33,16.5,S,0
607,"Marchetti, Mrs. Lillian",3,female,,6.8,S,0
608,"Ferrara, Mr. James",3,male,3,18.16,S,0
609,"Costa, Mr. Michael",3,male,38,17.37,S,0
610,"Silva, Mr. Charles",3,male,30,19.39,S,0
611,"Garrick, Mr. Walter",1,male,21,97.69,S,1
612,"Hargreaves, Mr. Cornelius",3,male,36,10.59,S,1
613,"Mercer, Mr. Pietro",3,male,30,15.69,S,0
614,"Vane, Mr. John",1,male,30,131.2,S,1
615,"Ostrowski, Mr. Cornelius",2,male,34,24.02,C,0
616,"Blum, Mr. Albert",1,male,32,137.69,S,0
617,"Whitfield, Mr. Emil",3,male,14,14.83,S,1
618,"Pemberton, Mr. Luigi",3,male,0,25.67,S,0
619,"Delaney, Mrs. Nora",3,female,,5.29,S,1
620,"Pemberton, Mr. Charles",3,male,36,10.72,S,0
621,"Crowe, Mrs. Alice",2,female,0,20.44,S,1
622,"Delaney, Miss. Bridget",2,female,35,16.2,C,1
623,"Callahan, Mrs. Mary",1,female,29,55.98,S,1
624,"Holm, Mrs. Elsie",1,female,8,40.76,S,1
625,"Hargreaves, Mr. Nils",3,male,27,21.91,S,0
626,"Delaney, Miss. Agnes",1,female,29,74.76,C,1
627,"Sexton, Mrs. Ada",3,female,33,27.84,S,0
628,"Duffy, Mr. Sean",2,male,40,20.95,C,0
629,"Ferrara, Miss. Eleanor",2,female,32,28.7,S,1
630,"Truscott, Mr. Marco",2,male,35,22.36,S,0
631,"Garrick, Mr. Sean",1,male,38,56.58,S,1
632,"Larkin, Miss. Bridget",3,female,26,9.04,C,0
633,"Mercer, Miss. Margaret",3,female,25,4.8,S,1
634,"Mercer, Mrs. Hannah",3,female,,7.47,S,1
635,"Giordano, Mrs. Eleanor",3,female,28,9.79,S,1
636,"Bexley, Miss. Lucia",3,female,15,21.34,S,0
637,"Blum, Mr. Robert",3,male,15,22.11,S,1
638,"Hargreaves, Mr. Leonard",1,male,27,68.56,S,1
639,"Truscott, Mrs. Clara",3,female,26,11.93,S,1
640,"Truscott, Miss. Beatrice",1,female,48,55.91,S,1
641,"Crowe, Mr. James",3,male,,10.44,S,0
642,"Lindgren, Mr. Robert",3,male,20,9.28,S,0
643,"Prescott, Mr. James",2,male,,20.7,S,0
644,"Giordano, Mr. Hugh",3,male,25,22.07,S,0
645,"Crowe, Mrs. Beatrice",1,female,19,126.63,S,1
646,"Lindqvist, Mrs. Dorothy",3,female,35,21.58,S,0
647,"Moreau, Mrs. Ingrid",3,female,21,11.0,S,0
648,"Garrick, Mr. Gustav",3,male,5,6.98,S,0
649,"Novak, Mr. Hugh",2,male,32,16.47,S,1
650,"Lindqvist, Mr. Frederick",3,male,30,6.82,S,0
651,"Antonsson, Miss. Ingrid",3,female,29,10.7,C,1
652,"Cropper, Mr. Albert",3,male,33,11.52,S,0
653,"Ostrowski, Mr. Luigi",2,male,38,13.2,S,0
654,"Fanshawe, Mr. Emil",3,male,0,10.03,S,0
655,"Tibbs, Mr. Marco",3,male,29,13.52,C,0
656,"Ashcombe, Mr. Samuel",3,male,6,3.62,C,0
657,"Pemberton, Master. Frederick",2,male,3,23.71,S,0
658,"Whitfield, Miss. Edith",3,female,34,12.0,S,1
659,"Fanshawe, Mr. Frederick",3,male,21,12.4,S,0
660,"Ashcombe, Mrs. Eleanor",1,female,28,90.73,S,1
661,"Fairclough, Mr. Harold",3,male,39,16.53,S,1
662,"Bexley, Mr. Arthur",1,male,36,61.87,C,0
663,"Marchetti, Mrs. Harriet",3,female,30,14.2,Q,1
664,"Mercer, Mr. Hugh",2,male,43,17.52,S,0
665,"Whelan, Mr. Leonard",3,male,1,13.16,C,0
666,"Lindgren, Mr. Frederick",3,male,13,6.67,S,0
667,"Ashcombe, Miss. Alice",2,female,0,13.43,S,1
668,"Giordano, Mr. John",1,male,26,96.4,S,0
669,"Whelan, Master. Leonard",3,male,7,3.96,S,0
670,"Costa, Mrs. Hannah",2,female,6,17.43,C,1
671,"Prescott, Mr. Luigi",3,male,22,13.74,S,0
672,"Baptiste, Mrs. Lillian",2,female,43,82.95,S,1
673,"Ostrowski, Mr. Sean",3,male,21,6.45,C,0
674,"Truscott, Miss. Sylvia",2,female,30,16.98,S,1
675,"Pemberton, Mr. Albert",3,male,0,11.68,S,0
676,"Keller, Mr. Robert",2,male,15,17.29,S,0
677,"Sorensen, Mr. Harold",1,male,45,102.18,S,0
678,"Ainsworth, Mr. Walter",2,male,24,18.48,S,0
679,"Fitzwilliam, Mr. Samuel",1,male,26,144.51,Q,0
680,"Antonsson, Mrs. Agnes",3,female,0,12.49,S,0
681,"Vane, Mr. Arthur",3,male,24,4.69,S,0
682,"Pemberton, Mr. Walter",3,male,41,14.01,S,0
683,"Callahan, Miss. Beatrice",2,female,35,35.69,Q,1
684,"Crowe, Mr. Emil",3,male,,34.52,S,0
685,"Prescott, Mr. Michael",3,male,21,11.14,S,0
686,"Callahan, Mr. Declan",3,male,,6.61,S,0
687,"Ellery, Master. Michael",2,male,1,11.37,S,0
688,"Fairclough, Mr. Emil",3,male,47,20.05,S,0
689,"Whelan, Mr. Luigi",1,male,19,75.58,C,0
690,"Moreau, Miss. Gertrude",3,female,31,9.13,S,1
691,"Sassoon, Miss. Alice",3,female,16,13.74,S,0
692,"Grantham, Mrs. Ida",1,female,17,113.65,Q,1
693,"Truscott, Mr. Pietro",3,male,38,11.62,C,0
694,"Ainsworth, Mr. Gustav",3,male,23,7.29,C,0
695,"Habermann, Mr. Thomas",3,male,11,4.7,C,0
696,"Crowe, Mrs. Nora",2,female,42,34.41,S,0
697,"Baptiste, Mr. Robert",1,male,43,56.23,S,1
698,"Berg, Mr. Luigi",1,male,51,81.11,S,0
699,"Mallory, Master. Luigi",2,male,5,10.59,S,0
700,"Farrar, Mr. Cornelius",3,male,48,11.66,S,0
701,"Tibbs, Mrs. Florence",1,female,29,71.39,S,1
702,"Fitzwilliam, Mr. Frederick",2,male,24,16.35,S,0
703,"Baptiste, Mr. Leonard",3,male,57,17.11,S,0
704,"Moreau, Mr. Marco",1,male,33,63.19,S,0
705,"Dunmore, Mr. Harold",1,male,58,81.1,S,1
706,"Bexley, Mrs. Agnes",2,female,20,6.75,S,1
707,"Rowntree, Mrs. Lillian",3,female,22,24.81,S,0
708,"Callahan, Mr. Charles",3,male,29,10.06,C,0
709,"Marchetti, Mr. James",1,male,58,84.05,C,1
710,"Cropper, Mr. Walter",3,male,,9.98,S,0
711,"Tibbs, Mr. Harold",3,male,26,8.14,C,0
712,"Fanshawe, Mr. Henry",3,male,34,11.24,S,0
713,"Holloway, Mr. Albert",3,male,18,17.47,S,1
714,"Mercer, Mr. William",3,male,10,9.63,S,1
715,"Mercer, Mrs. Margaret",3,female,45,7.78,S,1
716,"Crowe, Mrs. Ingrid",2,female,,18.46,S,1
717,"Sassoon, Mr. Declan",3,male,27,8.37,S,0
718,"Crowe, Mr. Robert",3,male,53,11.64,C,0
719,"Holloway, Master. Luigi",1,male,8,136.59,C,0
720,"Blum, Mrs. Ada",2,female,44,13.38,S,1
721,"Lindgren, Mr. Thomas",3,male,12,17.66,Q,0
722,"Sassoon, Mr. Cornelius",1,male,,88.85,Q,0
723,"Larkin, Mr. Cornelius",2,male,49,14.01,C,1
724,"Thornbury, Mr. John",3,male,28,23.45,S,0
725,"Costa, Mr. Frederick",3,male,26,6.09,S,0
726,"Bexley, Mrs. Rose",2,female,37,11.5,S,1
727,"Wexford, Master. Samuel",3,male,2,15.06,C,0
728,"Duffy, Mr. Gustav",3,male,11,11.75,S,0
729,"Whelan, Mr. Leonard",3,male,23,22.44,Q,0
730,"Blum, Mrs. Agnes",3,female,36,4.51,C,0
731,"Ostrowski, Mr. Samuel",3,male,14,6.79,S,1
732,"Duffy, Master. Samuel",1,male,5,119.82,S,1
733,"Costa, Mr. James",3,male,22,8.31,S,0
734,"Hargreaves, Miss. Lillian",1,female,48,58.01,Q,1
735,"Crowe, Mr. Frederick",2,male,24,20.06,S,1
736,"Quigley, Miss. Elsie",3,female,24,9.7,S,1
737,"Bexley, Mr. Luigi",1,male,35,64.39,S,0
738,"Ainsworth, Miss. Lucia",1,female,55,128.51,S,1
739,"Marchetti, Mr. George",3,male,38,10.78,C,0
740,"Ainsworth, Miss. Ada",1,female,45,43.02,S,1
741,"Giordano, Miss. Lucia",1,female,60,96.98,C,1
742,"Antonsson, Mrs. Ada",3,female,15,5.3,S,0
743,"Fairclough, Mr. Marco",3,male,8,28.18,Q,0
744,"Bexley, Mr. Hugh",3,male,30,11.36,C,0
745,"Braithwaite, Mr. Robert",1,male,30,104.56,C,1
746,"Sorensen, Mr. Luigi",3,male,20,7.93,S,0
747,"Fairclough, Mr. Pietro",1,male,,79.24,C,0
748,"Delaney, Mr. Walter",1,male,20,44.1,C,1
749,"Moreau, Mrs. Edith",1,female,61,53.44,C,1
750,"Duffy, Mr. Declan",1,male,41,81.18,S,1
751,"Habermann, Mr. Cornelius",1,male,50,75.05,S,0
752,"Garrick, Miss. Ethel",3,female,13,12.23,S,0
753,"Lindgren, Miss. Vera",3,female,30,12.74,C,0
754,"Mercer, Mr. James",2,male,,18.93,S,0
755,"Keller, Mr. Harold",3,male,27,7.47,S,0
756,"Keller, Mr. William",1,male,48,74.65,S,0
757,"Ridley, Mr. Michael",3,male,48,18.4,S,0
758,"Ainsworth, Mrs. Hannah",1,female,36,58.93,S,1
759,"Ainsworth, Mr. Frederick",2,male,43,27.49,S,0
760,"Callahan, Miss. Clara",1,female,44,65.36,S,1
761,"Okonkwo, Miss. Eleanor",1,female,37,88.96,S,1
762,"Moreau, Mr. Charles",3,male,,7.28,S,0
763,"Delaney, Mr. Henry",3,male,33,8.73,S,0
764,"Pemberton, Mrs. Vera",3,female,42,9.89,S,0
765,"Lindqvist, Mr. Pietro",1,male,44,67.44,S,1
766,"Delaney, Mr. Hugh",3,male,34,13.49,S,0
767,"Lindgren, Miss. Bridget",1,female,48,115.91,S,1
768,"Delaney, Mr. Luigi",3,male,19,10.26,C,1
769,"Habermann, Mrs. Elsie",2,female,23,13.85,S,1
770,"Giordano, Mr. William",3,male,,11.28,S,1
771,"Moreau, Miss. Mary",2,female,41,6.35,S,1
772,"Antonsson, Miss. Ada",3,female,30,8.28,S,0
773,"Berg, Mr. William",1,male,49,150.49,Q,0
774,"Pemberton, Mr. Declan",1,male,36,47.9,S,0
775,"Duffy, Mr. Albert",2,male,41,8.96,Q,0
776,"Vane, Mr. Sean",3,male,16,4.68,C,0
777,"Duffy, Miss. Lillian",2,female,30,19.89,S,1
778,"Mallory, Mr. Pietro",1,male,26,87.35,S,0
779,"Lindqvist, Mr. Robert",3,male,28,11.32,S,0
780,"Hargreaves, Mr. Nils",3,male,18,20.72,C,0
781,"Novak, Mr. Harold",3,male,35,13.77,C,0
782,"Vane, Mr. Harold",3,male,43,10.79,C,1
783,"Sorensen, Miss. Bridget",2,female,19,36.89,S,1
784,"Dunmore, Mr. Thomas",1,male,19,135.33,S,0
785,"Lindgren, Mrs. Bridget",3,female,40,9.2,S,1
786,"Giordano, Miss. Hannah",1,female,48,57.49,C,1
787,"Lindgren, Mr. William",3,male,45,12.37,C,1
788,"Fanshawe, Mr. George",3,male,18,4.94,S,0
789,"Okonkwo, Mrs. Mary",1,female,54,90.04,S,1
790,"Docherty, Mr. Henry",3,male,26,11.49,C,0
791,"Lindgren, Mr. Harold",1,male,24,81.73,S,1
792,"Fanshawe, Miss. Sylvia",1,female,30,93.8,C,1
793,"Lindqvist, Mrs. Mary",3,female,39,12.71,Q,1
794,"Dunmore, Miss. Olive",3,female,9,5.77,S,0
795,"Fanshawe, Mr. Walter",1,male,54,68.05,S,0
796,"Bell, Mrs. Rose",3,female,30,5.09,S,1
797,"Garrick, Miss. Ingrid",3,female,10,6.5,S,1
798,"Thornbury, Mr. Gustav",3,male,36,12.21,S,1
799,"Sorensen, Mr. Nils",2,male,11,5.19,C,0
800,"Sassoon, Mr. Harold",3,male,17,11.85,S,1
801,"Rowntree, Mrs. Elsie",1,female,49,41.41,S,1
802,"Tibbs, Mr. Arthur",2,male,50,23.79,S,0
803,"Tibbs, Mr. George",3,male,28,15.2,S,0
804,"Ashcombe, Mrs. Clara",3,female,27,21.25,C,1
805,"Rowntree, Mr. Henry",2,male,17,10.47,S,0
806,"Baptiste, Mr. James",1,male,35,69.62,S,1
807,"Bexley, Mrs. Mary",2,female,50,17.6,S,1
808,"Ostrowski, Miss. Dorothy",3,female,44,12.9,S,0
809,"Keller, Mrs. Ada",3,female,34,11.45,C,1
810,"Sorensen, Mr. Leonard",2,male,54,17.76,S,0
811,"Truscott, Miss. Alice",3,female,10,10.87,S,0
812,"Sorensen, Mr. James",1,male,25,62.78,S,0
813,"Ferrara, Mr. Marco",3,male,25,24.27,C,0
814,"Moreau, Mr. William",3,male,39,9.87,S,0
815,"Fairclough, Mr. Emil",3,male,20,12.07,S,0
816,"Braithwaite, Mr. Harold",3,male,26,21.12,S,0
817,"Larkin, Mr. John",2,male,22,33.71,C,0
818,"Moreau, Mr. John",3,male,0,10.24,S,0
819,"Holm, Mrs. Agnes",3,female,29,23.19,Q,0
820,"Habermann, Mr. James",3,male,27,9.54,S,0
821,"Fitzwilliam, Miss. Sylvia",1,female,31,124.17,S,1
822,"Ostrowski, Mr. Michael",3,male,34,6.79,S,1
823,"Okonkwo, Mr. Henry",3,male,33,21.45,Q,0
824,"Fanshawe, Mr. Arthur",3,male,40,12.6,C,1
825,"Blum, Mr. Declan",2,male,27,16.96,S,0
826,"Holloway, Mr. Emil",3,male,34,9.06,S,0
827,"Antonsson, Miss. Eleanor",3,female,51,5.59,S,1
828,"Braithwaite, Mr. James",3,male,19,11.67,S,0
829,"Delaney, Miss. Violet",3,female,26,7.29,S,0
830,"Ainsworth, Mr. Gustav",1,male,20,99.74,S,0
831,"Hargreaves, Mr. Hugh",2,male,50,30.96,S,0
832,"Farrar, Mr. John",3,male,18,24.35,S,0
833,"Quigley, Mr. Marco",3,male,37,7.94,S,0
834,"Mercer, Mr. Henry",3,male,30,15.83,S,0
835,"Payne, Mr. Albert",1,male,,61.73,S,0
836,"Baptiste, Mr. Thomas",3,male,40,8.48,C,0
837,"Ellery, Mr. Thomas",2,male,20,36.65,S,0
838,"Prescott, Mrs. Nora",1,female,44,53.93,S,1
839,"Andrade, Miss. Olive",3,female,31,10.87,S,0
840,"Marchetti, Mrs. Ethel",2,female,42,24.75,C,1
841,"Whelan, Miss. Gertrude",2,female,27,18.96,C,1
842,"Delaney, Master. Thomas",1,male,6,44.85,S,1
843,"Habermann, Mr. Charles",2,male,33,25.08,Q,0
844,"Andrade, Mrs. Clara",2,female,53,11.07,S,1
845,"Novak, Mr. Gustav",2,male,,20.98,S,0
846,"Habermann, Mr. Emil",3,male,27,17.8,S,0
847,"Ainsworth, Mr. Robert",3,male,19,11.7,S,0
848,"Pemberton, Mr. Michael",2,male,45,22.19,S,0
849,"Wexford, Mr. Robert",3,male,30,8.63,S,0
850,"Whelan, Mr. Declan",3,male,27,11.28,Q,0
851,"Rowntree, Master. Frederick",3,male,8,13.32,S,0
852,"Fairclough, Miss. Lillian",1,female,50,279.19,S,1
853,"Blum, Miss. Edith",1,female,60,39.52,S,1
854,"Ostrowski, Mrs. Mabel",1,female,40,106.82,C,1
855,"Ridley, Miss. Edith",1,female,34,212.24,S,1
856,"Silva, Mrs. Elsie",3,female,3,12.86,S,1
857,"Pemberton, Mr. Pietro",2,male,0,15.31,S,0
858,"Garrick, Mrs. Ethel",1,female,32,42.72,S,1
859,"Callahan, Mr. John",3,male,0,15.25,C,1
860,"Ellery, Master. Charles",3,male,7,18.12,S,0
861,"Bexley, Mr. Arthur",3,male,,16.73,S,0
862,"Dunmore, Miss. Lucia",3,female,24,8.04,S,1
863,"Docherty, Mr. Samuel",3,male,12,15.56,C,0
864,"Crowe, Mr. Harold",3,male,0,20.75,S,1
865,"Crowe, Mr. Henry",3,male,52,27.45,S,0
866,"Delaney, Miss. Dorothy",1,female,27,98.6,S,1
867,"Dunmore, Mr. Samuel",3,male,14,7.78,C,0
868,"Silva, Mr. Edmund",1,male,43,34.52,C,0
869,"Mercer, Miss. Mary",3,female,40,14.7,C,1
870,"Keller, Mrs. Mabel",3,female,29,18.59,S,0
871,"Antonsson, Mrs. Olive",3,female,46,9.97,S,0
872,"Delaney, Mr. Marco",1,male,38,45.76,S,0
873,"Blum, Mr. Robert",3,male,28,27.15,S,1
874,"Costa, Mr. Edmund",3,male,24,5.9,S,1
875,"Moreau, Mr. George",2,male,47,12.31,S,0
876,"Crowe, Mr. Edmund",3,male,37,11.58,S,0
877,"Tibbs, Mr. Luigi",2,male,23,15.27,S,0
878,"Bell, Mr. Michael",2,male,31,23.12,C,0
879,"Prescott, Mrs. Agnes",3,female,36,5.3,S,0
880,"Ainsworth, Mr. Marco",1,male,47,40.53,S,0
881,"Rowntree, Mrs. Ada",1,female,28,90.77,S,1
882,"Dunmore, Mr. Leonard",3,male,40,11.06,S,0
883,"Farrar, Miss. Gertrude",2,female,25,8.98,C,1
884,"Novak, Miss. Clara",3,female,41,11.51,S,0
885,"Baptiste, Mrs. Ingrid",3,female,12,14.23,S,0
886,"Sexton, Mrs. Ida",3,female,16,15.52,S,0
887,"Ashcombe, Mr. Arthur",3,male,53,7.7,Q,0
888,"Delaney, Mr. Samuel",3,male,49,9.63,S,0
889,"Cropper, Mr. Edmund",1,male,34,95.56,S,0
890,"Rowntree, Mr. Albert",3,male,24,13.03,S,0
891,"Rowntree, Master. Edmund",3,male,3,15.4,S,0
892,"Wexford, Miss. Beatrice",3,female,12,14.33,S,0
893,"Lindqvist, Mr. John",3,male,17,10.07,S,0
894,"Lindqvist, Mr. Michael",3,male,7,31.68,S,0
895,"Sexton, Mr. Samuel",3,male,14,22.58,S,0
896,"Delaney, Mrs. Alice",1,female,52,55.55,S,1
897,"Fanshawe, Mr. Charles",3,male,46,23.61,S,0
898,"Prescott, Miss. Nora",1,female,36,92.06,S,1
899,"Truscott, Mr. Michael",3,male,13,18.02,S,1
900,"Moreau, Mr. Albert",1,male,,84.22,S,1
901,"Pemberton, Mr. Sean",2,male,30,20.92,S,1
902,"Berg, Mr. Thomas",3,male,50,7.77,S,0
903,"Ainsworth, Mr. Henry",1,male,,69.78,S,0
904,"Silva, Mrs. Olive",2,female,42,12.03,S,1
905,"Larkin, Mr. Leonard",3,male,10,7.11,S,0
906,"Grantham, Mr. Arthur",3,male,38,27.5,S,1
907,"Keller, Mrs. Mabel",1,female,37,107.19,S,1
908,"Ellery, Mr. Gustav",3,male,37,15.95,S,1
909,"Ostrowski, Mr. Robert",2,male,52,18.49,S,1
910,"Marchetti, Mr. Michael",2,male,46,12.11,S,0
911,"Marchetti, Mr. Cornelius",3,male,31,4.33,S,0
912,"Truscott, Mr. Robert",3,male,24,10.48,C,0
913,"Ostrowski, Mr. John",3,male,31,17.87,S,0
914,"Delaney, Mrs. Florence",1,female,20,102.31,S,1
915,"Lindgren, Mr. Harold",3,male,11,6.88,S,1
916,"Sorensen, Mrs. Edith",3,female,36,25.17,S,0
917,"Truscott, Mr. Samuel",2,male,42,6.43,Q,0
918,"Prescott, Miss. Eleanor",3,female,35,7.99,S,0
919,"Ashcombe, Mr. Frederick",1,male,9,45.1,Q,0
920,"Blum, Miss. Vera",3,female,22,13.27,Q,1
921,"Dunmore, Mr. Leonard",2,male,38,14.33,S,0
922,"Wexford, Mrs. Winifred",3,female,15,8.01,S,0
923,"Delaney, Mr. Harold",3,male,36,12.07,C,0
924,"Moreau, Master. Henry",1,male,,242.69,C,0
925,"Moreau, Mrs. Nora",3,female,43,16.06,S,1
926,"Rowntree, Mr. Michael",1,male,20,47.76,C,1
927,"Berg, Mr. Sean",3,male,26,15.98,C,0
928,"Payne, Mr. Walter",3,male,32,6.2,C,0
929,"Lindqvist, Miss. Hannah",3,female,44,12.55,S,1
930,"Dunmore, Mr. Michael",3,male,40,11.84,S,0
931,"Ellery, Mrs. Harriet",3,female,24,25.47,Q,0
932,"Antonsson, Master. Emil",3,male,8,18.72,S,1
933,"Lindgren, Miss. Rose",3,female,26,3.28,S,1
934,"Ostrowski, Mr. William",3,male,48,19.47,Q,0
935,"Mallory, Mr. Sean",3,male,10,8.73,C,0
936,"Novak, Miss. Beatrice",1,female,31,141.06,S,1
937,"Bexley, Mr. Albert",2,male,53,25.67,S,1
938,"Keller, Miss. Florence",2,female,49,32.7,S,1
939,"Ashcombe, Mr. Pietro",3,male,8,7.64,S,0
940,"Costa, Mr. Hugh",2,male,43,13.83,S,1
941,"Docherty, Mrs. Rose",3,female,47,7.5,S,1
942,"Sorensen, Mr. William",1,male,,42.94,S,0
943,"Baptiste, Mr. Hugh",3,male,34,16.71,C,0
944,"Sorensen, Mr. Frederick",3,male,31,12.02,S,0
945,"Hargreaves, Miss. Ida",3,female,18,6.63,C,0
946,"Lindqvist, Mr. Harold",2,male,10,18.95,S,0
947,"Ridley, Miss. Ethel",1,female,38,92.12,S,1
948,"Blum, Miss. Mary",2,female,52,25.89,S,1
949,"Tibbs, Mr. Michael",3,male,22,8.0,Q,1
950,"Ferrara, Mr. Luigi",3,male,21,6.74,S,0
951,"Marchetti, Mr. Edmund",3,male,57,9.5,S,0
952,"Larkin, Mr. Robert",1,male,,63.87,S,0
953,"Habermann, Mrs. Dorothy",2,female,,29.82,S,0
954,"Sassoon, Master. Sean",3,male,9,14.57,S,0
955,"Okonkwo, Miss. Edith",2,female,23,15.3,S,1
956,"Andrade, Miss. Ethel",3,female,15,14.3,C,0
957,"Payne, Miss. Nora",3,female,32,9.31,S,1
958,"Mallory, Mrs. Gertrude",2,female,27,16.58,S,1
959,"Berg, Mr. Albert",1,male,26,135.51,Q,1
960,"Sexton, Mr. Arthur",3,male,,18.65,S,0
961,"Sorensen, Miss. Nora",2,female,31,40.15,S,1
962,"Prescott, Miss. Bridget",3,female,10,10.8,S,0
963,"Ridley, Mr. Declan",3,male,14,14.19,S,0
964,"Holloway, Mr. Frederick",3,male,27,4.28,C,0
965,"Ainsworth, Miss. Florence",2,female,42,19.67,S,1
966,"Ellery, Mr. Edmund",3,male,7,19.92,Q,1
967,"Habermann, Miss. Nora",2,female,38,27.19,S,1
968,"Keller, Master. Samuel",2,male,4,42.99,Q,0
969,"Ferrara, Mrs. Florence",3,female,39,18.2,S,0
970,"Tibbs, Mr. Albert",2,male,20,8.21,S,0
971,"Duffy, Mr. Nils",3,male,32,18.65,S,0
972,"Whitfield, Mr. Marco",3,male,8,34.69,S,0
973,"Ferrara, Miss. Rose",3,female,29,12.32,S,1
974,"Ostrowski, Mrs. Alice",1,female,22,165.77,Q,1
975,"Braithwaite, Mrs. Sylvia",1,female,34,48.81,C,1
976,"Andrade, Mr. Michael",3,male,34,16.62,S,1
977,"Silva, Miss. Mary",3,female,28,12.69,C,0
978,"Crowe, Mr. Hugh",2,male,29,52.85,C,0
979,"Sexton, Mrs. Hannah",2,female,43,12.46,S,1
980,"Fitzwilliam, Mr. Nils",3,male,11,9.9,S,0
981,"Berg, Mrs. Ingrid",2,female,25,11.99,S,1
982,"Giordano, Mr. Sean",3,male,20,4.45,S,0
983,"Okonkwo, Mr. Declan",1,male,61,49.33,S,0
984,"Ainsworth, Mr. Walter",1,male,29,98.51,S,0
985,"Callahan, Mr. Emil",3,male,29,9.75,S,0
986,"Novak, Miss. Elsie",2,female,48,19.9,C,1
987,"Rowntree, Miss. Nora",1,female,39,71.17,C,1
988,"Keller, Mr. William",1,male,28,71.98,Q,1
989,"Fairclough, Mrs. Eleanor",3,female,32,11.21,C,0
990,"Blum, Miss. Violet",3,female,34,5.89,S,1
991,"Truscott, Mrs. Bridget",3,female,23,20.35,S,1
992,"Farrar, Mrs. Bridget",3,female,16,4.11,S,0
993,"Whelan, Mrs. Eleanor",3,female,10,7.2,C,1
994,"Blum, Miss. Olive",1,female,43,86.24,S,1
995,"Ellery, Miss. Florence",3,female,6,6.25,S,1
996,"Bexley, Mr. Nils",3,male,24,10.58,C,0
997,"Vane, Mr. Arthur",1,male,28,67.29,S,0
998,"Okonkwo, Mr. Robert",3,male,47,23.44,S,0
999,"Prescott, Mrs. Agnes",1,female,29,84.17,S,1
1000,"Wexford, Mrs. Violet",1,female,35,88.79,S,1
1001,"Blum, Mrs. Clara",1,female,38,67.26,C,1
1002,"Wexford, Mr. Gustav",3,male,16,9.34,Q,1
1003,"Fitzwilliam, Miss. Sylvia",3,female,33,35.84,Q,1
1004,"Hargreaves, Mrs. Lillian",3,female,23,7.69,S,1
1005,"Lindqvist, Mr. Michael",1,male,69,44.03,S,1
1006,"Truscott, Mr. Emil",1,male,16,56.36,C,0
1007,"Nash, Mrs. Margaret",1,female,32,61.98,S,1
1008,"Silva, Mrs. Elsie",3,female,12,23.92,S,1
1009,"Bell, Master. Harold",1,male,10,51.39,C,0
1010,"Sexton, Mr. Emil",3,male,28,15.33,S,0
1011,"Fairclough, Mrs. Eleanor",1,female,19,54.56,S,1
1012,"Hargreaves, Mrs. Margaret",2,female,37,20.75,S,1
1013,"Antonsson, Mrs. Ada",3,female,23,10.19,S,0
1014,"Dunmore, Mrs. Mabel",2,female,34,22.44,C,1
1015,"Keller, Mrs. Harriet",1,female,47,68.53,S,1
1016,"Ainsworth, Mrs. Olive",3,female,0,24.05,Q,1
1017,"Costa, Mr. Gustav",3,male,39,14.51,S,0
1018,"Duffy, Miss. Harriet",3,female,38,8.73,S,0
1019,"Pemberton, Mr. Declan",3,male,29,13.54,C,0
1020,"Prescott, Mr. Marco",3,male,38,11.35,S,0
1021,"Nash, Mrs. Mabel",1,female,35,55.33,Q,1
1022,"Ellery, Mr. Charles",3,male,,14.54,C,1
1023,"Silva, Master. Samuel",3,male,3,16.46,S,0
1024,"Crowe, Mr. Emil",2,male,34,24.99,C,1
1025,"Whelan, Mr. Nils",2,male,20,57.54,S,0
1026,"Sassoon, Mr. Leonard",1,male,36,200.15,C,1
1027,"Sorensen, Mr. William",3,male,17,9.26,S,0
1028,"Novak, Mr. Harold",3,male,5,21.54,C,0
1029,"Rowntree, Mr. Cornelius",3,male,22,19.91,S,0
1030,"Bell, Mr. Nils",2,male,36,32.43,S,0
1031,"Callahan, Mr. Frederick",3,male,24,9.86,C,0
1032,"Blum, Mr. Marco",3,male,19,14.48,S,0
1033,"Braithwaite, Miss. Lucia",3,female,18,9.02,C,0
1034,"Holloway, Mrs. Florence",2,female,23,11.36,S,1
1035,"Bell, Mr. Frederick",3,male,7,6.11,Q,0
1036,"Duffy, Mr. Walter",3,male,40,11.94,S,0
1037,"Ashcombe, Mrs. Gertrude",2,female,48,14.91,Q,1
1038,"Pemberton, Mr. Sean",3,male,,19.71,S,0
1039,"Fairclough, Miss. Hannah",3,female,15,6.38,S,1
1040,"Andrade, Miss. Clara",2,female,52,23.13,S,1
1041,"Delaney, Miss. Winifred",1,female,39,153.33,S,1
1042,"Fanshawe, Miss. Lucia",1,female,49,74.34,Q,1
1043,"Thornbury, Mrs. Olive",2,female,18,12.11,Q,0
1044,"Nash, Mr. Thomas",1,male,37,86.41,Q,1
1045,"Hargreaves, Mr. James",3,male,30,13.9,S,0
1046,"Marchetti, Mr. Samuel",3,male,34,16.73,S,0
1047,"Silva, Miss. Sylvia",1,female,39,77.85,S,1
1048,"Antonsson, Mr. Frederick",2,male,32,24.48,Q,0
1049,"Braithwaite, Miss. Beatrice",2,female,28,21.33,S,1
1050,"Prescott, Miss. Harriet",3,female,11,16.33,S,1
1051,"Duffy, Mr. Luigi",3,male,40,20.13,S,0
1052,"Cropper, Mr. Pietro",3,male,27,11.93,S,0
1053,"Bexley, Mr. George",1,male,,62.57,C,0
1054,"Dunmore, Miss. Margaret",3,female,25,9.25,C,1
1055,"Antonsson, Mrs. Violet",1,female,20,68.42,S,1
1056,"Blum, Miss. Margaret",3,female,0,8.95,S,1
1057,"Lindqvist, Mr. Leonard",3,male,30,23.41,S,0
1058,"Ellery, Mr. Nils",1,male,33,31.33,S,1
1059,"Novak, Mr. Albert",3,male,,6.99,S,0
1060,"Berg, Mr. George",2,male,21,12.71,S,0
1061,"Silva, Mr. Samuel",1,male,7,44.78,S,0
1062,"Antonsson, Mr. Albert",2,male,26,17.0,S,0
1063,"Vane, Mr. Samuel",1,male,,66.3,S,1
1064,"Braithwaite, Mr. Sean",1,male,19,68.69,C,0
1065,"Andrade, Master. Declan",3,male,8,14.5,S,0
1066,"Braithwaite, Mr. Declan",3,male,22,11.82,S,0
1067,"Mallory, Mr. James",2,male,,22.49,C,0
1068,"Duffy, Mr. Walter",3,male,17,8.55,S,0
1069,"Fairclough, Mrs. Florence",2,female,30,24.7,S,1
1070,"Lindqvist, Mr. John",2,male,31,25.24,S,0
1071,"Ferrara, Mrs. Clara",3,female,,11.02,S,1
1072,"Tibbs, Miss. Alice",3,female,24,17.03,S,1
1073,"Fitzwilliam, Mr. Edmund",1,male,18,88.87,S,1
1074,"Fitzwilliam, Mr. William",3,male,28,13.0,S,0
1075,"Ridley, Mrs. Sylvia",1,female,49,42.56,S,1
1076,"Whelan, Mr. Declan",2,male,35,20.56,S,0
1077,"Fairclough, Mr. Pietro",3,male,29,14.99,Q,0
1078,"Tibbs, Mr. Marco",3,male,3,12.97,C,0
1079,"Keller, Master. James",2,male,10,9.83,Q,1
1080,"Nash, Mr. Gustav",3,male,11,13.99,S,0
1081,"Prescott, Mr. James",2,male,24,22.84,S,0
1082,"Bexley, Mr. Leonard",1,male,54,61.71,S,0
1083,"Larkin, Mr. John",3,male,40,6.26,S,0
1084,"Mercer, Mr. Albert",3,male,14,10.83,S,1
1085,"Farrar, Mr. Declan",3,male,14,7.46,S,1
1086,"Giordano, Mr. Harold",3,male,33,8.25,S,0
1087,"Pemberton, Mrs. Lillian",3,female,27,11.43,S,0
1088,"Marchetti, Mr. Harold",3,male,43,12.28,S,1
1089,"Antonsson, Mr. Michael",3,male,30,10.33,S,0
1090,"Hargreaves, Mr. Leonard",1,male,29,72.05,C,0
1091,"Ferrara, Mr. Marco",2,male,52,28.95,S,0
1092,"Fitzwilliam, Miss. Hannah",3,female,39,8.66,C,1
1093,"Vane, Mr. Leonard",2,male,20,26.97,S,0
1094,"Baptiste, Mrs. Lucia",1,female,42,109.63,S,1
1095,"Duffy, Miss. Mary",1,female,24,30.63,S,1
1096,"Sexton, Mr. Emil",2,male,63,13.53,S,0
1097,"Keller, Miss. Elsie",2,female,30,26.59,S,1
1098,"Docherty, Mr. Marco",2,male,43,21.37,C,0
1099,"Fairclough, Mrs. Hannah",3,female,,15.65,S,1
1100,"Blum, Mrs. Margaret",1,female,26,41.95,S,1
1101,"Thornbury, Mrs. Mary",3,female,,7.39,S,1
1102,"Okonkwo, Mr. Charles",1,male,37,153.58,S,0
1103,"Ferrara, Mr. George",2,male,4,19.76,S,0
1104,"Okonkwo, Mr. Declan",3,male,30,15.6,S,1
1105,"Ostrowski, Mr. Marco",2,male,26,29.47,Q,0
1106,"Garrick, Mr. George",3,male,16,19.81,Q,0
1107,"Delaney, Mr. Charles",1,male,62,89.23,Q,1
1108,"Grantham, Miss. Lillian",3,female,37,5.64,C,1
1109,"Grantham, Mr. Emil",1,male,24,64.53,S,1
1110,"Ostrowski, Mrs. Winifred",2,female,,31.01,S,1
1111,"Truscott, Mr. Robert",3,male,29,30.78,S,0
1112,"Habermann, Mr. Henry",3,male,38,3.71,S,0
1113,"Dunmore, Mr. Samuel",3,male,41,9.49,S,0
1114,"Ostrowski, Mr. Nils",3,male,28,20.34,Q,0
1115,"Garrick, Mr. Sean",3,male,,15.29,S,0
1116,"Holm, Mrs. Agnes",3,female,12,9.57,S,0
1117,"Lindqvist, Mr. Walter",3,male,,14.35,S,0
1118,"Tibbs, Miss. Elsie",2,female,25,21.36,S,1
1119,"Truscott, Mr. Sean",3,male,22,6.94,S,0
1120,"Hargreaves, Mr. Pietro",2,male,42,16.3,S,0
1121,"Fitzwilliam, Mr. Pietro",2,male,39,32.15,C,0
1122,"Truscott, Master. Michael",3,male,2,12.23,S,0
1123,"Sassoon, Mrs. Elsie",3,female,3,14.94,S,1
1124,"Blum, Mrs. Clara",3,female,10,11.46,S,1
1125,"Mallory, Mrs. Lucia",3,female,26,7.07,S,0
1126,"Fairclough, Mrs. Elsie",3,female,13,8.19,S,1
1127,"Ashcombe, Mr. Charles",1,male,25,79.86,S,0
1128,"Blum, Mrs. Clara",1,female,43,173.33,S,1
1129,"Giordano, Miss. Clara",1,female,26,89.82,Q,1
1130,"Ellery, Mrs. Mabel",3,female,29,5.18,S,0
1131,"Sorensen, Mrs. Lucia",1,female,32,65.76,S,1
1132,"Wexford, Mr. Henry",3,male,43,21.31,C,1
1133,"Whelan, Mrs. Hannah",2,female,43,15.55,S,1
1134,"Moreau, Mrs. Rose",3,female,,14.18,C,1
1135,"Duffy, Mr. Henry",2,male,30,41.72,S,1
1136,"Truscott, Miss. Florence",1,female,37,96.62,S,1
1137,"Habermann, Mr. Michael",3,male,36,8.85,S,0
1138,"Sexton, Mrs. Bridget",2,female,20,12.95,S,1
1139,"Costa, Miss. Rose",2,female,25,15.64,Q,1
1140,"Holm, Mr. Thomas",2,male,39,32.02,Q,0
1141,"Lindgren, Mr. Michael",2,male,46,27.56,S,0
1142,"Payne, Miss. Gertrude",1,female,35,80.05,S,1
1143,"Payne, Mr. John",2,male,30,5.35,S,0
1144,"Larkin, Mr. Marco",3,male,36,22.63,S,0
1145,"Lindqvist, Mr. Cornelius",1,male,38,59.75,S,0
1146,"Ashcombe, Mr. Albert",3,male,46,6.49,S,0
1147,"Keller, Mr. Leonard",1,male,43,279.71,S,0
1148,"Cropper, Mr. Charles",2,male,0,13.33,S,1
1149,"Habermann, Mrs. Nora",3,female,34,21.37,S,0
1150,"Rowntree, Mr. Edmund",1,male,36,57.59,S,0
1151,"Giordano, Miss. Elsie",3,female,0,8.36,S,1
1152,"Andrade, Miss. Elsie",3,female,15,15.17,S,0
1153,"Larkin, Mr. Edmund",3,male,38,11.8,C,0
1154,"Ridley, Mr. William",3,male,30,19.41,S,0
1155,"Garrick, Mr. Henry",3,male,40,9.16,S,1
1156,"Garrick, Mr. Nils",3,male,42,16.69,S,0
1157,"Ashcombe, Mrs. Harriet",3,female,23,16.79,C,1
1158,"Callahan, Mrs. Lucia",2,female,34,4.73,S,1
1159,"Farrar, Miss. Eleanor",3,female,26,10.18,S,1
1160,"Delaney, Mrs. Olive",1,female,,57.58,C,1
1161,"Bell, Miss. Gertrude",3,female,36,7.44,S,1
1162,"Giordano, Miss. Bridget",3,female,35,25.74,S,1
1163,"Farrar, Mrs. Alice",3,female,20,19.73,Q,1
1164,"Holloway, Mrs. Lillian",3,female,10,10.86,S,1
1165,"Delaney, Miss. Lucia",3,female,,17.46,S,1
1166,"Truscott, Mr. Cornelius",2,male,29,26.06,C,0
1167,"Larkin, Mrs. Eleanor",3,female,54,12.6,S,1
1168,"Ridley, Mrs. Lucia",3,female,25,8.19,Q,0
1169,"Dunmore, Mr. Charles",3,male,12,9.18,S,0
1170,"Payne, Mrs. Lillian",2,female,16,25.14,S,1
1171,"Callahan, Mr. Michael",2,male,6,17.6,S,0
1172,"Crowe, Mrs. Margaret",2,female,45,8.67,S,1
1173,"Thornbury, Mr. Henry",3,male,21,9.47,S,0
1174,"Sorensen, Master. Edmund",1,male,3,35.78,Q,0
1175,"Sassoon, Mr. William",1,male,32,117.11,C,0
1176,"Pemberton, Mrs. Alice",1,female,56,67.56,S,1
1177,"Fairclough, Mrs. Clara",1,female,28,112.04,S,1
1178,"Nash, Mrs. Ethel",3,female,23,25.34,S,0
1179,"Rowntree, Mr. Henry",1,male,28,127.03,Q,0
1180,"Blum, Mr. Robert",1,male,11,95.15,C,0
1181,"Whelan, Mrs. Olive",2,female,22,7.32,S,1
1182,"Truscott, Mr. Robert",3,male,9,22.27,C,0
1183,"Delaney, Mr. Emil",3,male,32,10.27,S,1
1184,"Wexford, Mr. William",3,male,37,6.75,C,0
1185,"Fitzwilliam, Mrs. Lillian",1,female,,85.25,C,1
1186,"Ostrowski, Mr. Emil",2,male,15,25.37,Q,0
1187,"Fairclough, Mr. Thomas",3,male,74,15.61,S,0
1188,"Tibbs, Mr. Leonard",3,male,29,13.57,C,0
1189,"Sexton, Mr. Nils",2,male,35,16.89,C,0
1190,"Prescott, Miss. Rose",1,female,48,51.47,C,1
1191,"Whelan, Mr. Marco",2,male,42,39.93,C,1
1192,"Ellery, Mr. Luigi",3,male,34,16.28,C,0
1193,"Baptiste, Mrs. Mabel",3,female,26,12.86,C,1
1194,"Sorensen, Mr. Robert",2,male,32,17.64,S,0
1195,"Mercer, Mr. Harold",2,male,5,28.24,Q,0
1196,"Grantham, Mr. Arthur",2,male,37,50.84,Q,0
1197,"Farrar, Mr. Pietro",2,male,25,31.48,S,0
1198,"Fanshawe, Mrs. Elsie",3,female,23,4.53,S,0
1199,"Ferrara, Mrs. Ada",3,female,32,6.3,C,0
1200,"Andrade, Miss. Ada",2,female,27,47.82,S,0
1201,"Holm, Mr. Michael",3,male,,26.33,C,1
1202,"Callahan, Mr. Thomas",3,male,26,16.93,S,0
1203,"Quigley, Mr. Declan",3,male,0,12.19,C,0
1204,"Truscott, Mr. Frederick",3,male,11,12.67,S,0
1205,"Antonsson, Mr. William",3,male,42,13.92,S,0
1206,"Berg, Mr. Leonard",3,male,44,9.43,S,0
1207,"Vane, Mr. Frederick",3,male,6,18.54,S,0
1208,"Holloway, Mrs. Sylvia",3,female,15,11.97,S,1
1209,"Baptiste, Miss. Agnes",3,female,15,6.48,S,0
1210,"Holm, Mr. William",3,male,11,17.21,S,0
1211,"Mercer, Master. Edmund",3,male,,20.19,S,1
1212,"Crowe, Miss. Nora",1,female,45,139.65,S,1
1213,"Fitzwilliam, Mr. Frederick",2,male,20,13.49,S,0
1214,"Thornbury, Mr. Thomas",3,male,19,14.1,S,0
1215,"Ostrowski, Mr. Pietro",2,male,56,27.88,S,0
1216,"Fairclough, Mr. Harold",3,male,,11.11,S,0
1217,"Habermann, Mr. Gustav",1,male,35,64.58,C,0
1218,"Garrick, Mr. Arthur",2,male,,16.35,Q,0
1219,"Ridley, Mr. Harold",2,male,32,18.99,S,1
1220,"Sorensen, Mrs. Sylvia",1,female,24,82.01,S,1
1221,"Ridley, Mr. Robert",3,male,33,7.03,S,0
1222,"Bell, Mr. Hugh",3,male,41,16.53,Q,0
1223,"Sassoon, Mrs. Ethel",1,female,34,54.81,S,1
1224,"Fitzwilliam, Mr. Gustav",1,male,30,121.64,S,0
1225,"Silva, Miss. Clara",3,female,47,9.19,S,1
1226,"Giordano, Mr. Cornelius",3,male,16,9.21,S,0
1227,"Mallory, Mr. Pietro",1,male,52,42.92,S,0
1228,"Lindqvist, Mr. Hugh",3,male,17,3.38,S,0
1229,"Larkin, Miss. Harriet",2,female,32,24.09,S,1
1230,"Mallory, Mr. James",2,male,30,19.19,S,0
1231,"Baptiste, Mr. George",3,male,31,11.0,S,1
1232,"Mallory, Mr. Henry",2,male,47,20.12,Q,0
1233,"Payne, Mr. Charles",2,male,26,26.14,S,1
1234,"Mallory, Mrs. Elsie",2,female,35,21.25,S,1
1235,"Bexley, Mr. George",3,male,35,12.41,S,0
1236,"Moreau, Mr. Hugh",3,male,11,23.59,S,1
1237,"Larkin, Mr. William",3,male,21,14.81,S,0
1238,"Okonkwo, Mrs. Clara",3,female,30,4.62,Q,1
1239,"Blum, Mr. Nils",2,male,26,16.71,S,1
1240,"Rowntree, Mrs. Dorothy",3,female,14,14.74,S,1
1241,"Grantham, Mr. Frederick",1,male,40,99.93,S,0
1242,"Payne, Mr. William",3,male,35,15.23,S,0
1243,"Ainsworth, Mr. Arthur",3,male,44,12.84,C,0
1244,"Vane, Mr. Charles",3,male,48,22.97,S,1
1245,"Duffy, Mrs. Bridget",1,female,39,76.01,S,1
1246,"Garrick, Mr. Frederick",3,male,,12.0,S,0
1247,"Ridley, Mr. Sean",1,male,15,104.13,S,0
1248,"Ferrara, Mrs. Lillian",2,female,39,31.15,S,1
1249,"Duffy, Mr. Charles",3,male,26,12.97,C,1
1250,"Ashcombe, Master. Charles",1,male,5,84.59,S,1
1251,"Rowntree, Mr. Luigi",3,male,12,7.47,S,0
1252,"Rowntree, Miss. Elsie",1,female,35,74.92,C,1
1253,"Whelan, Mr. Cornelius",1,male,29,67.69,Q,0
1254,"Blum, Master. Gustav",3,male,6,8.62,S,0
1255,"Hargreaves, Miss. Mabel",3,female,5,18.4,C,0
1256,"Truscott, Mrs. Mabel",3,female,19,5.52,S,0
1257,"Ridley, Mr. Luigi",2,male,36,48.78,S,0
1258,"Delaney, Mr. Walter",1,male,61,61.57,S,1
1259,"Mallory, Mr. Marco",2,male,14,32.37,C,0
1260,"Dunmore, Mr. Cornelius",3,male,20,29.88,C,0
1261,"Crowe, Mrs. Lillian",1,female,48,121.85,S,1
1262,"Antonsson, Mr. Harold",3,male,46,11.11,S,1
1263,"Cropper, Mr. Edmund",3,male,40,8.2,Q,0
1264,"Lindqvist, Mr. Leonard",1,male,23,55.0,Q,1
1265,"Docherty, Mr. Hugh",1,male,40,60.15,S,0
1266,"Larkin, Mrs. Eleanor",1,female,22,81.73,S,1
1267,"Farrar, Mr. Declan",3,male,18,6.03,S,0
1268,"Payne, Mr. Henry",3,male,28,8.56,C,0
1269,"Payne, Mr. John",2,male,43,18.72,S,1
1270,"Farrar, Mr. Harold",1,male,,95.31,S,1
1271,"Thornbury, Mrs. Eleanor",1,female,42,159.76,S,1
1272,"Braithwaite, Mr. Henry",3,male,12,13.67,S,0
1273,"Tibbs, Mr. Charles",1,male,46,42.22,S,1
1274,"Sexton, Mr. Edmund",3,male,40,13.61,S,0
1275,"Ferrara, Mr. Declan",3,male,44,5.92,S,0
1276,"Silva, Mr. Pietro",3,male,,8.9,S,0
1277,"Ellery, Mr. George",1,male,27,141.84,S,0
1278,"Silva, Mr. Marco",3,male,32,14.25,S,0
1279,"Holm, Mr. Michael",1,male,40,30.72,S,0
1280,"Lindgren, Mr. Robert",3,male,36,12.08,S,0
1281,"Antonsson, Mr. Frederick",3,male,28,9.15,S,0
1282,"Garrick, Mr. Declan",1,male,39,121.1,S,1
1283,"Whitfield, Mr. Pietro",3,male,8,7.19,S,0
1284,"Quigley, Mr. Henry",1,male,45,128.3,S,1
1285,"Bell, Miss. Edith",3,female,20,11.54,S,0
1286,"Holloway, Master. Emil",2,male,5,27.1,S,0
1287,"Garrick, Mr. Thomas",1,male,39,115.94,S,0
1288,"Sexton, Mr. John",2,male,47,39.66,Q,0
1289,"Duffy, Mrs. Rose",3,female,13,20.68,S,1
1290,"Wexford, Master. Luigi",3,male,11,9.02,S,0
1291,"Sexton, Mr. John",3,male,38,13.73,C,0
1292,"Grantham, Mr. Henry",3,male,35,8.06,S,0
1293,"Giordano, Miss. Eleanor",1,female,29,59.33,S,1
1294,"Ridley, Mr. Sean",3,male,24,15.58,C,0
1295,"Novak, Mr. Nils",2,male,,22.82,Q,0
1296,"Blum, Mr. Robert",1,male,64,108.19,S,0
1297,"Ashcombe, Mr. Pietro",2,male,29,8.02,S,1
1298,"Garrick, Mr. Edmund",3,male,4,7.81,C,0
1299,"Novak, Miss. Mabel",2,female,46,13.39,S,1
1300,"Rowntree, Mr. Leonard",3,male,23,15.68,C,0
1301,"Giordano, Miss. Hannah",1,female,38,78.25,C,1
1302,"Giordano, Mrs. Ingrid",3,female,40,11.24,S,1
1303,"Thornbury, Mr. Declan",3,male,12,7.3,S,0
1304,"Duffy, Mrs. Sylvia",2,female,17,18.61,C,1
1305,"Pemberton, Mrs. Bridget",1,female,26,79.32,C,1
1306,"Delaney, Mr. Nils",2,male,32,52.01,S,0
1307,"Docherty, Mr. Arthur",3,male,13,4.26,S,0
1308,"Thornbury, Mr. Cornelius",3,male,35,16.17,Q,0
1309,"Ellery, Mr. Pietro",3,male,40,15.34,S,0
